repo,category,likes,downloads_30d,created,params_b,pipeline,license,base_model,url
heman10x/rlcd-modernbert-151m,conversion,36,21692,2026-09-17,0.15,text-classification,apache-2.0,knowledgator/gliclass-modern-base-v2.0,https://huggingface.co/heman10x/rlcd-modernbert-151m
mys/laya-multilingual-GGUF,conversion,12,7806,2026-09-20,,,apache-2.0,convaiinnovations/laya-multilingual,https://huggingface.co/mys/laya-multilingual-GGUF
chaoliangUNSW/Jev-Style-Qwen3.5-2B-Decision-GGUF,conversion,16,7249,2026-09-21,,text-generation,apache-2.0,Qwen/Qwen3.5-2B-Base,https://huggingface.co/chaoliangUNSW/Jev-Style-Qwen3.5-2B-Decision-GGUF
apus-ailab/APUS-OpenJev-v1-9B-GGUF,conversion,1,6225,2026-09-23,,text-generation,apache-2.0,apus-ailab/APUS-OpenJev-v1-9B,https://huggingface.co/apus-ailab/APUS-OpenJev-v1-9B-GGUF
mys/laya-GGUF,conversion,18,6025,2026-09-20,,,apache-2.0,convaiinnovations/laya,https://huggingface.co/mys/laya-GGUF
alibiserikbay/JevK5-GGUF,conversion,1,5438,2026-09-23,,,apache-2.0,alibiserikbay/JevK5;alibiserikbay/JevK5-9B;alibiserikbay/JevK5-2B,https://huggingface.co/alibiserikbay/JevK5-GGUF
chaoliangUNSW/Jev-Style-Qwen3.5-2B-Decision-MLX-bf16,conversion,2,4766,2026-09-21,1.88,text-generation,apache-2.0,Qwen/Qwen3.5-2B-Base,https://huggingface.co/chaoliangUNSW/Jev-Style-Qwen3.5-2B-Decision-MLX-bf16
apus-ailab/APUS-OpenJev-v1-35B-A3B-GGUF,conversion,1,3487,2026-09-23,,text-generation,apache-2.0,apus-ailab/APUS-OpenJev-v1-35B-A3B,https://huggingface.co/apus-ailab/APUS-OpenJev-v1-35B-A3B-GGUF
mradermacher/jevify-gemma4-e4b-GGUF,conversion,2,3284,2026-09-20,,,gemma,kushalpatil/jevify-gemma4-e4b,https://huggingface.co/mradermacher/jevify-gemma4-e4b-GGUF
mradermacher/decider-2b-vision-GGUF,conversion,3,3253,2026-09-17,,,apache-2.0,Mapika/decider-2b-vision,https://huggingface.co/mradermacher/decider-2b-vision-GGUF
openjev/openjev-GGUF,conversion,5,3196,2026-09-23,,,apache-2.0,openjev/openjev,https://huggingface.co/openjev/openjev-GGUF
Weidows/laya-multilingual-GGUF,conversion,5,2949,2026-09-21,,text-classification,apache-2.0,convaiinnovations/laya-multilingual,https://huggingface.co/Weidows/laya-multilingual-GGUF
mys/laya-typed-decisions-GGUF,conversion,2,2555,2026-09-20,,,apache-2.0,convaiinnovations/laya-typed-decisions,https://huggingface.co/mys/laya-typed-decisions-GGUF
Reza2kn/Jev-Omni-Q4_K_M-GGUF,conversion,4,2347,2026-09-23,,,apache-2.0,akhilaaa3/Jev-Omni,https://huggingface.co/Reza2kn/Jev-Omni-Q4_K_M-GGUF
fr0stbit3/laya-gguf,conversion,10,2323,2026-09-20,,text-classification,apache-2.0,convaiinnovations/laya,https://huggingface.co/fr0stbit3/laya-gguf
mradermacher/jevify-gemma4-26b-a4b-GGUF,conversion,0,2056,2026-09-20,,,gemma,kushalpatil/jevify-gemma4-26b-a4b,https://huggingface.co/mradermacher/jevify-gemma4-26b-a4b-GGUF
TokenRhythm/NeoHorse-Jev-4B-GGUF,conversion,4,1852,2026-09-24,,text-classification,apache-2.0,TokenRhythm/NeoHorse-Jev-4B,https://huggingface.co/TokenRhythm/NeoHorse-Jev-4B-GGUF
chaoliangUNSW/Jev-Style-Qwen3.5-2B-Decision-v2-GGUF,conversion,5,1762,2026-09-23,,text-generation,apache-2.0,chaoliangUNSW/Jev-Style-Qwen3.5-2B-Decision-v2,https://huggingface.co/chaoliangUNSW/Jev-Style-Qwen3.5-2B-Decision-v2-GGUF
apus-ailab/APUS-OpenJev-v1-4B-GGUF,conversion,0,1741,2026-09-23,,text-generation,apache-2.0,apus-ailab/APUS-OpenJev-v1-4B,https://huggingface.co/apus-ailab/APUS-OpenJev-v1-4B-GGUF
cosetoenor/decider-2b-GGUF,conversion,8,1667,2026-09-18,,text-classification,apache-2.0,Mapika/decider-2b,https://huggingface.co/cosetoenor/decider-2b-GGUF
chaoliangUNSW/Jev-Style-Qwen3.5-2B-Decision-v2-MLX-bf16,conversion,0,1544,2026-09-23,1.88,text-generation,apache-2.0,chaoliangUNSW/Jev-Style-Qwen3.5-2B-Decision-v2,https://huggingface.co/chaoliangUNSW/Jev-Style-Qwen3.5-2B-Decision-v2-MLX-bf16
mys/kev-4b-GGUF,conversion,1,1542,2026-09-22,,,apache-2.0,jaredpalmer/kev-4b,https://huggingface.co/mys/kev-4b-GGUF
chaoliangUNSW/Jev-Style-0.8B-Decision-v3-GGUF,conversion,10,1397,2026-09-24,,text-classification,apache-2.0,chaoliangUNSW/Jev-Style-0.8B-Decision-v3,https://huggingface.co/chaoliangUNSW/Jev-Style-0.8B-Decision-v3-GGUF
onnx-community/kev-0.6b-ONNX,conversion,3,1356,2026-09-20,,text-classification,apache-2.0,Qwen/Qwen3-0.6B-Base,https://huggingface.co/onnx-community/kev-0.6b-ONNX
ngquocvinh/Jev-Omni-GGUF,conversion,1,1175,2026-09-26,,text-classification,apache-2.0,akhilaaa3/Jev-Omni,https://huggingface.co/ngquocvinh/Jev-Omni-GGUF
NANI-Nithin/LFM2.5-350M-RLCD-GGUF,conversion,0,1133,2026-09-22,,,other,notnotsamuel/LFM2.5-350M-RLCD,https://huggingface.co/NANI-Nithin/LFM2.5-350M-RLCD-GGUF
mradermacher/decider-0.8b-GGUF,conversion,2,1101,2026-09-19,,,apache-2.0,Mapika/decider-0.8b,https://huggingface.co/mradermacher/decider-0.8b-GGUF
prithivMLmods/JEV-9B-GGUF,conversion,3,1036,2026-09-26,,text-classification,apache-2.0,autotrust/JEV-9B,https://huggingface.co/prithivMLmods/JEV-9B-GGUF
openjev/openjev-MLX,conversion,5,945,2026-09-21,26.9,zero-shot-classification,cc-by-nc-4.0,openjev/openjev,https://huggingface.co/openjev/openjev-MLX
prithivMLmods/APUS-OpenJev-v1-9B-GGUF,conversion,2,941,2026-09-22,,text-generation,apache-2.0,apus-ailab/APUS-OpenJev-v1-9B,https://huggingface.co/prithivMLmods/APUS-OpenJev-v1-9B-GGUF
mradermacher/decider-35b-a3b-GGUF,conversion,1,881,2026-09-21,,,apache-2.0,Mapika/decider-35b-a3b,https://huggingface.co/mradermacher/decider-35b-a3b-GGUF
openjev/openjev-MLX-4bit,conversion,3,881,2026-09-21,26.9,zero-shot-classification,cc-by-nc-4.0,openjev/openjev,https://huggingface.co/openjev/openjev-MLX-4bit
openjev/openjev-FP8,conversion,6,838,2026-09-21,27.36,zero-shot-classification,cc-by-nc-4.0,openjev/openjev,https://huggingface.co/openjev/openjev-FP8
prithivMLmods/APUS-OpenJev-v1-4B-GGUF,conversion,1,824,2026-09-22,,text-generation,apache-2.0,apus-ailab/APUS-OpenJev-v1-4B,https://huggingface.co/prithivMLmods/APUS-OpenJev-v1-4B-GGUF
fr0stbit3/laya-multilingual-gguf,conversion,1,819,2026-09-20,,text-classification,apache-2.0,convaiinnovations/laya-multilingual,https://huggingface.co/fr0stbit3/laya-multilingual-gguf
mradermacher/this-that-model-1.0-GGUF,conversion,0,706,2026-09-20,,,mit,flock-io/this-that-model-1.0,https://huggingface.co/mradermacher/this-that-model-1.0-GGUF
Manav2op/verdict-small,conversion,1,695,2026-09-24,0.12,feature-extraction,apache-2.0,intfloat/multilingual-e5-small,https://huggingface.co/Manav2op/verdict-small
Mapika/decider-35b-a3b-nvfp4,conversion,6,620,2026-09-20,17.85,text-classification,apache-2.0,Mapika/decider-35b-a3b,https://huggingface.co/Mapika/decider-35b-a3b-nvfp4
mradermacher/decider-4b-GGUF,conversion,1,618,2026-09-24,,,apache-2.0,Mapika/decider-4b,https://huggingface.co/mradermacher/decider-4b-GGUF
mradermacher/Jev-Style-2B-Decision-v3-GGUF,conversion,0,551,2026-09-27,,,apache-2.0,chaoliangUNSW/Jev-Style-2B-Decision-v3,https://huggingface.co/mradermacher/Jev-Style-2B-Decision-v3-GGUF
mradermacher/JEV-9B-GGUF,conversion,0,544,2026-09-26,,text-generation,apache-2.0,autotrust/JEV-9B,https://huggingface.co/mradermacher/JEV-9B-GGUF
mradermacher/Coral-decider-4b-GGUF,conversion,0,539,2026-09-27,,,apache-2.0,OceanLabs/Coral-decider-4b,https://huggingface.co/mradermacher/Coral-decider-4b-GGUF
aac6fef/laya-multilingual-coreml-ane,conversion,9,524,2026-09-20,,text-classification,apache-2.0,convaiinnovations/laya-multilingual,https://huggingface.co/aac6fef/laya-multilingual-coreml-ane
Mapika/decider-4b-GGUF,conversion,1,520,2026-09-27,,text-classification,apache-2.0,Mapika/decider-4b,https://huggingface.co/Mapika/decider-4b-GGUF
fr0stbit3/laya-typed-decisions-gguf,conversion,0,515,2026-09-20,,text-classification,apache-2.0,convaiinnovations/laya-typed-decisions,https://huggingface.co/fr0stbit3/laya-typed-decisions-gguf
Ruiruiz30/Jev-Omni-MLX-4bit,conversion,1,509,2026-09-23,11.96,image-text-to-text,apache-2.0,akhilaaa3/Jev-Omni,https://huggingface.co/Ruiruiz30/Jev-Omni-MLX-4bit
jinghao1632/bit-jev-2b-distilled,conversion,0,495,2026-09-27,,,,microsoft/bitnet-b1.58-2B-4T-bf16,https://huggingface.co/jinghao1632/bit-jev-2b-distilled
onnx-community/open-jev-deberta-v3-large-ONNX,conversion,0,494,2026-09-20,,text-classification,apache-2.0,microsoft/deberta-v3-large,https://huggingface.co/onnx-community/open-jev-deberta-v3-large-ONNX
Mapika/decider-2b-GGUF,conversion,0,491,2026-09-27,,text-classification,apache-2.0,Mapika/decider-2b,https://huggingface.co/Mapika/decider-2b-GGUF
TypeSafeAI/Step-5-Preview-BF16,conversion,41,432,2026-09-20,604.34,image-text-to-text,other,,https://huggingface.co/TypeSafeAI/Step-5-Preview-BF16
aac6fef/laya-multilingual-coreml,conversion,4,417,2026-09-20,,text-classification,apache-2.0,convaiinnovations/laya-multilingual,https://huggingface.co/aac6fef/laya-multilingual-coreml
mindchain/decider-4b-v2-GGUF,conversion,1,376,2026-09-25,,text-classification,apache-2.0,Mapika/decider-4b,https://huggingface.co/mindchain/decider-4b-v2-GGUF
sahilchachra/Laya-TypedDecisions-MXFP8,conversion,0,375,2026-09-23,0.39,feature-extraction,,convaiinnovations/laya,https://huggingface.co/sahilchachra/Laya-TypedDecisions-MXFP8
litert-community/Laya-Multilingual-LiteRT,conversion,4,357,2026-09-21,,text-classification,apache-2.0,convaiinnovations/laya,https://huggingface.co/litert-community/Laya-Multilingual-LiteRT
Falconsai/laya-v796,conversion,1,345,2026-09-24,,text-classification,apache-2.0,convaiinnovations/laya,https://huggingface.co/Falconsai/laya-v796
SirSahOl/decider-2b-chat-mlx-16bit,conversion,0,343,2026-09-22,1.88,text-generation,unknown,JackFram/decider-2b,https://huggingface.co/SirSahOl/decider-2b-chat-mlx-16bit
FluidInference/laya-coreml,conversion,40,340,2026-09-21,,text-classification,apache-2.0,convaiinnovations/laya,https://huggingface.co/FluidInference/laya-coreml
chaoliangUNSW/Jev-Style-2B-Decision-v3-GGUF,conversion,3,330,2026-09-27,,text-classification,apache-2.0,chaoliangUNSW/Jev-Style-2B-Decision-v3,https://huggingface.co/chaoliangUNSW/Jev-Style-2B-Decision-v3-GGUF
mradermacher/this-that-model-1.2-GGUF,conversion,0,329,2026-09-24,,,mit,flock-io/this-that-model-1.2,https://huggingface.co/mradermacher/this-that-model-1.2-GGUF
larkooo/gemma-e2b-rlcd,conversion,1,317,2026-09-18,5.1,any-to-any,apache-2.0,google/gemma-4-E2B-it,https://huggingface.co/larkooo/gemma-e2b-rlcd
onnx-community/kev-4b-ONNX,conversion,2,272,2026-09-20,,text-classification,apache-2.0,Qwen/Qwen3-4B-Base,https://huggingface.co/onnx-community/kev-4b-ONNX
taigrr/kev-0.8b-gguf,conversion,1,263,2026-09-22,,,apache-2.0,Qwen/Qwen3.5-0.8B-Base,https://huggingface.co/taigrr/kev-0.8b-gguf
sahilchachra/Laya-Multilingual-MXFP8,conversion,1,260,2026-09-23,0.31,feature-extraction,,convaiinnovations/laya,https://huggingface.co/sahilchachra/Laya-Multilingual-MXFP8
killkli/open-jev-laya-multilingual-onnx,conversion,1,249,2026-09-23,,,apache-2.0,,https://huggingface.co/killkli/open-jev-laya-multilingual-onnx
RoderickQiu/kev-4b-mlx-8bit,conversion,1,246,2026-09-23,4.21,,apache-2.0,jaredpalmer/kev-4b,https://huggingface.co/RoderickQiu/kev-4b-mlx-8bit
iapp/OpenThai-SystemOne-GGUF,conversion,0,224,2026-09-24,,text-classification,apache-2.0,iapp/OpenThai-SystemOne,https://huggingface.co/iapp/OpenThai-SystemOne-GGUF
litert-community/laya-LiteRT,conversion,3,214,2026-09-21,,text-classification,apache-2.0,convaiinnovations/laya,https://huggingface.co/litert-community/laya-LiteRT
wigcheng5566/laya-neutron-gguf,conversion,2,214,2026-09-23,,,apache-2.0,convaiinnovations/laya;convaiinnovations/laya-multilingual,https://huggingface.co/wigcheng5566/laya-neutron-gguf
fibonacciai/laya-gguf-persian-multilingual-decision,conversion,1,213,2026-09-22,,question-answering,apache-2.0,convaiinnovations/laya,https://huggingface.co/fibonacciai/laya-gguf-persian-multilingual-decision
ramgpt/Jev_Qwen3.8-27B-GGUF,conversion,0,204,2026-09-24,,,apache-2.0,SargeDev/Jev_Qwen3.8-27B,https://huggingface.co/ramgpt/Jev_Qwen3.8-27B-GGUF
inferenceprince/laya-onnx,conversion,2,183,2026-09-21,,text-classification,apache-2.0,convaiinnovations/laya,https://huggingface.co/inferenceprince/laya-onnx
espetro/kev-9b-gguf,conversion,2,179,2026-09-23,,,apache-2.0,,https://huggingface.co/espetro/kev-9b-gguf
nicolasembleton/openjev-minicpm5-2b-lora-phase1-onnx,conversion,0,174,2026-09-24,,text-generation,apache-2.0,openbmb/MiniCPM5-2B,https://huggingface.co/nicolasembleton/openjev-minicpm5-2b-lora-phase1-onnx
sahilchachra/Laya-TypedDecisions-MXFP4,conversion,0,161,2026-09-23,0.39,feature-extraction,,convaiinnovations/laya,https://huggingface.co/sahilchachra/Laya-TypedDecisions-MXFP4
zerodegress/laya-gguf,conversion,1,155,2026-09-23,,,apache-2.0,convaiinnovations/laya,https://huggingface.co/zerodegress/laya-gguf
inferenceprince/laya-onnx-int8,conversion,1,151,2026-09-21,,text-classification,apache-2.0,convaiinnovations/laya,https://huggingface.co/inferenceprince/laya-onnx-int8
aac6fef/laya-coreml,conversion,7,145,2026-09-20,,text-classification,apache-2.0,convaiinnovations/laya,https://huggingface.co/aac6fef/laya-coreml
espetro/kev-4b-gguf,conversion,1,138,2026-09-23,,,apache-2.0,,https://huggingface.co/espetro/kev-4b-gguf
DreamBlooms/decider-0.8b-GGUF,conversion,0,129,2026-09-23,,text-classification,apache-2.0,Mapika/decider-0.8b,https://huggingface.co/DreamBlooms/decider-0.8b-GGUF
DreamBlooms/decider-2b-GGUF,conversion,0,126,2026-09-23,,text-classification,apache-2.0,Mapika/decider-2b,https://huggingface.co/DreamBlooms/decider-2b-GGUF
litert-community/Laya-English-LiteRT,conversion,1,126,2026-09-22,,text-classification,apache-2.0,convaiinnovations/laya,https://huggingface.co/litert-community/Laya-English-LiteRT
TypeSafeAI/Step-5-Preview-GGUF,conversion,2,123,2026-09-22,,,,,https://huggingface.co/TypeSafeAI/Step-5-Preview-GGUF
evalengine/this-that-model-1.1-gguf,conversion,0,113,2026-09-23,,text-classification,mit,flock-io/this-that-model-1.1,https://huggingface.co/evalengine/this-that-model-1.1-gguf
mpuig/system-one-minicpm5-2b-q8,conversion,0,112,2026-09-22,2.52,,mit,openbmb/MiniCPM5-2B-Base,https://huggingface.co/mpuig/system-one-minicpm5-2b-q8
apus-ailab/APUS-OpenJev-v1-4B-MLX-8bit,conversion,0,108,2026-09-23,4.21,text-generation,apache-2.0,apus-ailab/APUS-OpenJev-v1-4B,https://huggingface.co/apus-ailab/APUS-OpenJev-v1-4B-MLX-8bit
apus-ailab/APUS-OpenJev-v1-4B-MLX-4bit,conversion,0,106,2026-09-23,4.21,text-generation,apache-2.0,apus-ailab/APUS-OpenJev-v1-4B,https://huggingface.co/apus-ailab/APUS-OpenJev-v1-4B-MLX-4bit
aac6fef/laya-typed-decisions-coreml,conversion,0,100,2026-09-20,,text-classification,apache-2.0,convaiinnovations/laya-typed-decisions,https://huggingface.co/aac6fef/laya-typed-decisions-coreml
ajh-code/Jev-Bonsai-Compass,conversion,0,96,2026-09-24,,text-classification,cc-by-nc-4.0,prism-ml/Ternary-Bonsai-2-27B-gguf,https://huggingface.co/ajh-code/Jev-Bonsai-Compass
nicolasembleton/mini-jev-minicpm5-2b-shell-safety-phase1b-onnx,conversion,0,95,2026-09-24,,text-classification,apache-2.0,openbmb/MiniCPM5-2B,https://huggingface.co/nicolasembleton/mini-jev-minicpm5-2b-shell-safety-phase1b-onnx
apus-ailab/APUS-OpenJev-v1-9B-MLX-4bit,conversion,0,94,2026-09-23,8.95,text-generation,apache-2.0,apus-ailab/APUS-OpenJev-v1-9B,https://huggingface.co/apus-ailab/APUS-OpenJev-v1-9B-MLX-4bit
mindchain/decider-2b-vision-GGUF,conversion,0,93,2026-09-25,,,apache-2.0,Mapika/decider-2b-vision,https://huggingface.co/mindchain/decider-2b-vision-GGUF
FluidInference/kev-0.8b-coreml,conversion,4,92,2026-09-26,,text-classification,apache-2.0,jaredpalmer/kev-0.8b,https://huggingface.co/FluidInference/kev-0.8b-coreml
apus-ailab/APUS-OpenJev-v1-35B-A3B-MLX-4bit,conversion,0,85,2026-09-23,34.66,text-generation,apache-2.0,apus-ailab/APUS-OpenJev-v1-35B-A3B,https://huggingface.co/apus-ailab/APUS-OpenJev-v1-35B-A3B-MLX-4bit
SirSahOl/decider-2b-chat-mlx-4bit,conversion,0,78,2026-09-22,1.88,text-generation,unknown,JackFram/decider-2b,https://huggingface.co/SirSahOl/decider-2b-chat-mlx-4bit
apus-ailab/APUS-OpenJev-v1-9B-MLX-8bit,conversion,0,77,2026-09-23,8.95,text-generation,apache-2.0,apus-ailab/APUS-OpenJev-v1-9B,https://huggingface.co/apus-ailab/APUS-OpenJev-v1-9B-MLX-8bit
onnx-community/system-one-qwen3.5-4b-scorer-ONNX,conversion,0,75,2026-09-20,,text-classification,cc-by-nc-4.0,Qwen/Qwen3.5-4B-Base,https://huggingface.co/onnx-community/system-one-qwen3.5-4b-scorer-ONNX
chaoliangUNSW/Jev-Style-2B-Decision-v3-MLX,conversion,1,72,2026-09-27,,text-classification,apache-2.0,chaoliangUNSW/Jev-Style-2B-Decision-v3,https://huggingface.co/chaoliangUNSW/Jev-Style-2B-Decision-v3-MLX
mindchain/decider-0.8b-GGUF,conversion,0,70,2026-09-25,,,apache-2.0,Mapika/decider-0.8b,https://huggingface.co/mindchain/decider-0.8b-GGUF
FluidInference/lfm2-5-350m-rlcd-coreml,conversion,0,68,2026-09-22,,,other,notnotsamuel/LFM2.5-350M-RLCD,https://huggingface.co/FluidInference/lfm2-5-350m-rlcd-coreml
apus-ailab/APUS-OpenJev-v1-35B-A3B-MLX-8bit,conversion,0,68,2026-09-23,34.66,text-generation,apache-2.0,apus-ailab/APUS-OpenJev-v1-35B-A3B,https://huggingface.co/apus-ailab/APUS-OpenJev-v1-35B-A3B-MLX-8bit
SirSahOl/decider-2b-chat-mlx-8bit,conversion,0,67,2026-09-22,1.88,text-generation,unknown,JackFram/decider-2b,https://huggingface.co/SirSahOl/decider-2b-chat-mlx-8bit
abhishek085/jev-control-core,conversion,1,66,2026-09-27,0.75,text-classification,apache-2.0,Qwen/Qwen3.5-0.8B-Base,https://huggingface.co/abhishek085/jev-control-core
oomu/OOMU-SystemOne-0.6B-GGUF,conversion,1,61,2026-09-26,,text-classification,apache-2.0,,https://huggingface.co/oomu/OOMU-SystemOne-0.6B-GGUF
FluidInference/verdict-coreml,conversion,0,49,2026-09-22,,text-classification,apache-2.0,heman10x/rlcd-modernbert-151m,https://huggingface.co/FluidInference/verdict-coreml
ti3x-m/laya-typed-decisions-onnx,conversion,0,49,2026-09-23,,,apache-2.0,convaiinnovations/laya-typed-decisions,https://huggingface.co/ti3x-m/laya-typed-decisions-onnx
mlboydaisuke/decider-0.8b-CoreAI,conversion,2,46,2026-09-21,,text-classification,apache-2.0,Mapika/decider-0.8b,https://huggingface.co/mlboydaisuke/decider-0.8b-CoreAI
m1rhan/laya-typed-decisions-ONNX,conversion,0,45,2026-09-22,,fill-mask,apache-2.0,convaiinnovations/laya,https://huggingface.co/m1rhan/laya-typed-decisions-ONNX
pngwn/system-one-qwen3.5-4b-scorer-smoke,conversion,0,44,2026-09-16,,,cc-by-nc-4.0,Qwen/Qwen3.5-4B-Base,https://huggingface.co/pngwn/system-one-qwen3.5-4b-scorer-smoke
argos1111/sarashina2.2-vision-3b-mmproj-jev-f16,conversion,0,43,2026-09-21,,,mit,sbintuitions/sarashina2.2-vision-3b,https://huggingface.co/argos1111/sarashina2.2-vision-3b-mmproj-jev-f16
liodon-ai/LFM2.5-350M-RLCD-FP8,conversion,0,40,2026-09-21,0.35,text-generation,other,notnotsamuel/LFM2.5-350M-RLCD,https://huggingface.co/liodon-ai/LFM2.5-350M-RLCD-FP8
litert-community/decider-0.8b-LiteRT,conversion,0,38,2026-09-23,,text-classification,apache-2.0,Mapika/decider-0.8b,https://huggingface.co/litert-community/decider-0.8b-LiteRT
WIlfLin/JEV-Qwen3.5-9B-Base-NVFP4,conversion,0,37,2026-09-22,9.41,text-classification,apache-2.0,ig1/Qwen3.5-9B-NVFP4,https://huggingface.co/WIlfLin/JEV-Qwen3.5-9B-Base-NVFP4
ohtaman/jev-gemma-4-E2B-it-choice-64,conversion,0,33,2026-09-22,,text-classification,apache-2.0,google/gemma-4-E2B-it,https://huggingface.co/ohtaman/jev-gemma-4-E2B-it-choice-64
maxious/JevK5-Lite-onnx,conversion,0,31,2026-09-26,,zero-shot-classification,apache-2.0,alibiserikbay/JevK5-Lite,https://huggingface.co/maxious/JevK5-Lite-onnx
mlboydaisuke/OpenThai-SystemOne-CoreAI,conversion,0,28,2026-09-22,,zero-shot-classification,apache-2.0,iapp/OpenThai-SystemOne,https://huggingface.co/mlboydaisuke/OpenThai-SystemOne-CoreAI
mlboydaisuke/decider-2b-coreai-ft,conversion,0,28,2026-09-25,1.88,text-classification,apache-2.0,Mapika/decider-2b,https://huggingface.co/mlboydaisuke/decider-2b-coreai-ft
SargeDev/Jev_Qwen3.8-27B-NVFP4-FP8,conversion,0,24,2026-09-24,21.17,,apache-2.0,SargeDev/Jev_Qwen3.8-27B,https://huggingface.co/SargeDev/Jev_Qwen3.8-27B-NVFP4-FP8
m3kro/openjev-NVFP4-W4A4,conversion,0,24,2026-09-23,19.14,zero-shot-classification,cc-by-nc-4.0,openjev/openjev,https://huggingface.co/m3kro/openjev-NVFP4-W4A4
liodon-ai/JevK5-FP8,conversion,0,23,2026-09-25,4.21,text-generation,other,alibiserikbay/JevK5,https://huggingface.co/liodon-ai/JevK5-FP8
aravind1706/decider-ettin,conversion,0,21,2026-09-26,,text-classification,apache-2.0,jhu-clsp/ettin-encoder-68m,https://huggingface.co/aravind1706/decider-ettin
Suarify/laya-typed-decisions-onnx,conversion,0,18,2026-09-26,,,apache-2.0,convaiinnovations/laya-typed-decisions,https://huggingface.co/Suarify/laya-typed-decisions-onnx
developerjeremylive/open-jev-deberta-v3-large-ONNX-etheroi,conversion,0,15,2026-09-27,,text-classification,apache-2.0,microsoft/deberta-v3-large,https://huggingface.co/developerjeremylive/open-jev-deberta-v3-large-ONNX-etheroi
iapp/OpenThai-SystemOne-MLX-4bit,conversion,0,15,2026-09-25,0.75,text-classification,apache-2.0,iapp/OpenThai-SystemOne,https://huggingface.co/iapp/OpenThai-SystemOne-MLX-4bit
iapp/OpenThai-SystemOne-MLX-mxfp4,conversion,0,15,2026-09-25,0.75,text-classification,apache-2.0,iapp/OpenThai-SystemOne,https://huggingface.co/iapp/OpenThai-SystemOne-MLX-mxfp4
prithivMLmods/JEV-27B-GGUF,conversion,1,15,2026-09-28,,text-classification,apache-2.0,autotrust/JEV-27B,https://huggingface.co/prithivMLmods/JEV-27B-GGUF
bzantium/gemma-3-270m-jev-mlx,conversion,0,14,2026-09-23,,,gemma,google/gemma-3-270m-it,https://huggingface.co/bzantium/gemma-3-270m-jev-mlx
iapp/OpenThai-SystemOne-MLX-8bit,conversion,0,14,2026-09-25,0.75,text-classification,apache-2.0,iapp/OpenThai-SystemOne,https://huggingface.co/iapp/OpenThai-SystemOne-MLX-8bit
llmtech/decider-4b-nvfp4,conversion,1,13,2026-09-28,2.42,text-classification,apache-2.0,Mapika/decider-4b,https://huggingface.co/llmtech/decider-4b-nvfp4
developerjeremylive/system-one-qwen3.5-4b-scorer-ONNX-etheroi,conversion,0,11,2026-09-27,,text-classification,cc-by-nc-4.0,Qwen/Qwen3.5-4B-Base,https://huggingface.co/developerjeremylive/system-one-qwen3.5-4b-scorer-ONNX-etheroi
iapp/OpenThai-SystemOne-MLX-bf16,conversion,0,11,2026-09-25,0.75,text-classification,apache-2.0,iapp/OpenThai-SystemOne,https://huggingface.co/iapp/OpenThai-SystemOne-MLX-bf16
iapp/OpenThai-SystemOne-MLX-nvfp4,conversion,0,11,2026-09-25,0.75,text-classification,apache-2.0,iapp/OpenThai-SystemOne,https://huggingface.co/iapp/OpenThai-SystemOne-MLX-nvfp4
llmtech/decider-2b-fp8,conversion,1,11,2026-09-28,1.88,text-classification,apache-2.0,Mapika/decider-2b,https://huggingface.co/llmtech/decider-2b-fp8
edbordin-linktree/decider-2b-executorch-mlx,conversion,0,10,2026-09-23,,text-classification,apache-2.0,Mapika/decider-2b,https://huggingface.co/edbordin-linktree/decider-2b-executorch-mlx
iapp/OpenThai-SystemOne-W4A16-GPTQ,conversion,0,10,2026-09-24,0.75,text-classification,apache-2.0,iapp/OpenThai-SystemOne,https://huggingface.co/iapp/OpenThai-SystemOne-W4A16-GPTQ
iapp/OpenThai-SystemOne-FP8-Dynamic,conversion,0,9,2026-09-24,0.75,text-classification,apache-2.0,iapp/OpenThai-SystemOne,https://huggingface.co/iapp/OpenThai-SystemOne-FP8-Dynamic
llmtech/decider-4b-fp8,conversion,2,9,2026-09-28,4.21,text-classification,apache-2.0,Mapika/decider-4b,https://huggingface.co/llmtech/decider-4b-fp8
FluidInference/system-one-gemma-coreml,conversion,0,8,2026-09-22,,,,,https://huggingface.co/FluidInference/system-one-gemma-coreml
danielamitay/laya-en-fp32-swev,conversion,1,8,2026-09-21,,text-classification,apache-2.0,convaiinnovations/laya,https://huggingface.co/danielamitay/laya-en-fp32-swev
edbordin-linktree/decider-0.8b-executorch-mlx,conversion,0,8,2026-09-23,,text-classification,apache-2.0,Mapika/decider-0.8b,https://huggingface.co/edbordin-linktree/decider-0.8b-executorch-mlx
llmtech/decider-0.8b-fp8,conversion,1,8,2026-09-28,0.75,text-classification,apache-2.0,Mapika/decider-0.8b,https://huggingface.co/llmtech/decider-0.8b-fp8
dr3x1/jevsec,conversion,0,6,2026-09-27,,,apache-2.0,XHToken/Spark-X2.5-4B,https://huggingface.co/dr3x1/jevsec
iapp/OpenThai-SystemOne-bnb-4bit,conversion,0,5,2026-09-24,0.75,text-classification,apache-2.0,iapp/OpenThai-SystemOne,https://huggingface.co/iapp/OpenThai-SystemOne-bnb-4bit
iapp/OpenThai-SystemOne-bnb-8bit,conversion,0,5,2026-09-24,0.75,text-classification,apache-2.0,iapp/OpenThai-SystemOne,https://huggingface.co/iapp/OpenThai-SystemOne-bnb-8bit
iapp/OpenThai-SystemOne-NVFP4,conversion,0,3,2026-09-24,0.75,text-classification,apache-2.0,iapp/OpenThai-SystemOne,https://huggingface.co/iapp/OpenThai-SystemOne-NVFP4
iapp/OpenThai-SystemOne-NVFP4A16,conversion,0,2,2026-09-24,0.75,text-classification,apache-2.0,iapp/OpenThai-SystemOne,https://huggingface.co/iapp/OpenThai-SystemOne-NVFP4A16
iapp/OpenThai-SystemOne-W8A8-INT8,conversion,0,2,2026-09-24,0.75,text-classification,apache-2.0,iapp/OpenThai-SystemOne,https://huggingface.co/iapp/OpenThai-SystemOne-W8A8-INT8
2nugu/laya-ko,conversion,1,0,2026-09-23,0.32,text-classification,apache-2.0,convaiinnovations/laya,https://huggingface.co/2nugu/laya-ko
Cruzex/laya-typed-decisions-smoketest,conversion,0,0,2026-09-21,0.42,,apache-2.0,,https://huggingface.co/Cruzex/laya-typed-decisions-smoketest
Emerald7664/laya-multilingual-onnx,conversion,1,0,2026-09-25,,text-classification,apache-2.0,convaiinnovations/laya-multilingual,https://huggingface.co/Emerald7664/laya-multilingual-onnx
FrenchCastle/jev-solomon-MLX-8-bit,conversion,0,0,2026-09-22,,text-classification,apache-2.0,FrenchCastle/Solomon-MLX-bf16,https://huggingface.co/FrenchCastle/jev-solomon-MLX-8-bit
Mattepiu/laya-onnx,conversion,12,0,2026-09-18,,,apache-2.0,convaiinnovations/laya,https://huggingface.co/Mattepiu/laya-onnx
MissingPackage/jev-d-0.4b-onnx,conversion,0,0,2026-09-21,,feature-extraction,apache-2.0,convaiinnovations/laya-typed-decisions,https://huggingface.co/MissingPackage/jev-d-0.4b-onnx
NMTZ/laya-typed-decisions-421m-coreml-ane,conversion,0,0,2026-09-28,,text-classification,apache-2.0,convaiinnovations/laya-typed-decisions,https://huggingface.co/NMTZ/laya-typed-decisions-421m-coreml-ane
Sharjeelbaig/laya-multilingual-onnx-int8,conversion,1,0,2026-09-23,,text-classification,apache-2.0,convaiinnovations/laya-multilingual,https://huggingface.co/Sharjeelbaig/laya-multilingual-onnx-int8
VishalMysore/layaForWeb,conversion,1,0,2026-09-21,,,apache-2.0,convaiinnovations/laya,https://huggingface.co/VishalMysore/layaForWeb
WIlfLin/JEV-Qwen3.8-27B-NVFP4-Runtime,conversion,0,0,2026-09-22,,text-classification,apache-2.0,RadixArk/Qwen3.8-27B-NVFP4,https://huggingface.co/WIlfLin/JEV-Qwen3.8-27B-NVFP4-Runtime
Weidows/laya-multilingual-FP8,conversion,2,0,2026-09-21,,text-classification,apache-2.0,convaiinnovations/laya-multilingual,https://huggingface.co/Weidows/laya-multilingual-FP8
aac6fef/laya-mlx,conversion,105,0,2026-09-19,0.42,text-classification,apache-2.0,convaiinnovations/laya,https://huggingface.co/aac6fef/laya-mlx
aac6fef/laya-multilingual-mlx,conversion,14,0,2026-09-19,0.32,text-classification,apache-2.0,convaiinnovations/laya-multilingual,https://huggingface.co/aac6fef/laya-multilingual-mlx
aac6fef/laya-typed-decisions-mlx,conversion,5,0,2026-09-19,0.42,text-classification,apache-2.0,convaiinnovations/laya-typed-decisions,https://huggingface.co/aac6fef/laya-typed-decisions-mlx
abidlabs/jev-typed-decisions-causal-0.6b-smoke,conversion,0,0,2026-09-21,,,,,https://huggingface.co/abidlabs/jev-typed-decisions-causal-0.6b-smoke
ai-ecoverse/jev-omni.js,conversion,0,0,2026-09-24,,image-text-to-text,apache-2.0,google/gemma-4-12B-it;akhilaaa3/Jev-Omni,https://huggingface.co/ai-ecoverse/jev-omni.js
alfred361/laya-typed-decisions-web-q8,conversion,1,0,2026-09-21,,,,,https://huggingface.co/alfred361/laya-typed-decisions-web-q8
androidli/laya-multilingual-onnx-int4,conversion,1,0,2026-09-24,,,apache-2.0,convaiinnovations/laya,https://huggingface.co/androidli/laya-multilingual-onnx-int4
bbldCVer-hf/chinese-jev-onnx,conversion,0,0,2026-09-28,,,,,https://huggingface.co/bbldCVer-hf/chinese-jev-onnx
binoykunhi/laya-typed-decisions-endpoint,conversion,0,0,2026-09-21,0.42,text-classification,apache-2.0,,https://huggingface.co/binoykunhi/laya-typed-decisions-endpoint
chaoliangUNSW/Jev-Style-0.8B-Decision-v3-MLX,conversion,1,0,2026-09-24,,text-classification,apache-2.0,chaoliangUNSW/Jev-Style-0.8B-Decision-v3,https://huggingface.co/chaoliangUNSW/Jev-Style-0.8B-Decision-v3-MLX
gnr8tr/falco-decision-models,conversion,0,0,2026-09-26,,feature-extraction,apache-2.0,distilbert/distilbert-base-uncased;ai4bharat/IndicBERTv2-MLM-only,https://huggingface.co/gnr8tr/falco-decision-models
harshpreet931/cut-laya-onnx,conversion,1,0,2026-09-24,,text-classification,apache-2.0,convaiinnovations/laya,https://huggingface.co/harshpreet931/cut-laya-onnx
hiteshluke/zyot-decider-12b-gguf,conversion,0,0,2026-09-28,,,,,https://huggingface.co/hiteshluke/zyot-decider-12b-gguf
imtk/OpenThai-SystemOne-ONNX,conversion,0,0,2026-09-25,,,apache-2.0,iapp/OpenThai-SystemOne,https://huggingface.co/imtk/OpenThai-SystemOne-ONNX
kokuren/jp-sns-jev7-estimator,conversion,0,0,2026-09-18,,text-classification,apache-2.0,line-corporation/line-distilbert-base-japanese,https://huggingface.co/kokuren/jp-sns-jev7-estimator
mariojcr/laya-onnx,conversion,2,0,2026-09-22,,text-classification,apache-2.0,convaiinnovations/laya,https://huggingface.co/mariojcr/laya-onnx
midudev/kev-4b-ONNX,conversion,1,0,2026-09-24,,text-classification,apache-2.0,jaredpalmer/kev-4b,https://huggingface.co/midudev/kev-4b-ONNX
millat/laya-mlx,conversion,1,0,2026-09-22,0.42,text-classification,apache-2.0,convaiinnovations/laya,https://huggingface.co/millat/laya-mlx
mizchi/laya-multilingual-onnx,conversion,4,0,2026-09-20,,,apache-2.0,convaiinnovations/laya-multilingual,https://huggingface.co/mizchi/laya-multilingual-onnx
mlboydaisuke/system-one-qwen3.5-4b-scorer-CoreAI,conversion,0,0,2026-09-23,,,cc-by-nc-4.0,pngwn/system-one-qwen3.5-4b-scorer,https://huggingface.co/mlboydaisuke/system-one-qwen3.5-4b-scorer-CoreAI
muthuishere/openjevx,conversion,1,0,2026-09-28,0.42,text-classification,apache-2.0,convaiinnovations/laya,https://huggingface.co/muthuishere/openjevx
nicolasembleton/mini-jev-minicpm5-2b-function-router-v0-choice-onnx,conversion,1,0,2026-09-27,,,apache-2.0,openbmb/MiniCPM5-2B,https://huggingface.co/nicolasembleton/mini-jev-minicpm5-2b-function-router-v0-choice-onnx
nicolasembleton/mini-jev-minicpm5-2b-router-v0-choice-onnx,conversion,0,0,2026-09-27,,,apache-2.0,openbmb/MiniCPM5-2B,https://huggingface.co/nicolasembleton/mini-jev-minicpm5-2b-router-v0-choice-onnx
nicolasembleton/mini-jev-minicpm5-2b-shell-safety-phase1b-choice-onnx,conversion,0,0,2026-09-26,,,apache-2.0,nicolasembleton/mini-jev-minicpm5-2b-shell-safety-phase1b-merged,https://huggingface.co/nicolasembleton/mini-jev-minicpm5-2b-shell-safety-phase1b-choice-onnx
nicolasembleton/mini-jev-qwen25-0.5b-function-router-v0-choice-onnx,conversion,0,0,2026-09-27,,,apache-2.0,Qwen/Qwen2.5-0.5B-Instruct,https://huggingface.co/nicolasembleton/mini-jev-qwen25-0.5b-function-router-v0-choice-onnx
nicolasembleton/mini-jev-qwen25-0.5b-router-v0-choice-onnx,conversion,0,0,2026-09-27,,,apache-2.0,Qwen/Qwen2.5-0.5B-Instruct,https://huggingface.co/nicolasembleton/mini-jev-qwen25-0.5b-router-v0-choice-onnx
nicolasembleton/mini-jev-qwen25-0.5b-shell-safety-v0-choice-onnx,conversion,0,0,2026-09-27,,,apache-2.0,Qwen/Qwen2.5-0.5B-Instruct,https://huggingface.co/nicolasembleton/mini-jev-qwen25-0.5b-shell-safety-v0-choice-onnx
ollaya-dev/decider,conversion,0,0,2026-09-24,,text-classification,apache-2.0,Mapika/decider-4b;Mapika/decider-2b;Mapika/decider-2b-vision;Mapika/decider-0.8b,https://huggingface.co/ollaya-dev/decider
pngwn/nanodiff-350m-typed-decisions-smoke,conversion,0,0,2026-09-16,,,,,https://huggingface.co/pngwn/nanodiff-350m-typed-decisions-smoke
receptron/laya-onnx,conversion,4,0,2026-09-19,,,apache-2.0,convaiinnovations/laya,https://huggingface.co/receptron/laya-onnx
rupeshs/laya-ov-int8,conversion,2,0,2026-09-23,,zero-shot-classification,apache-2.0,convaiinnovations/laya,https://huggingface.co/rupeshs/laya-ov-int8
smdesai/laya-multilingual-coreai,conversion,1,0,2026-09-21,,text-classification,apache-2.0,convaiinnovations/laya-multilingual,https://huggingface.co/smdesai/laya-multilingual-coreai
soyelmismo/laya-multilingual-onnx,conversion,2,0,2026-09-21,,text-classification,apache-2.0,convaiinnovations/laya-multilingual,https://huggingface.co/soyelmismo/laya-multilingual-onnx
strivedi183/laya-typed-decisions-onnx-fp16,conversion,0,0,2026-09-23,,,apache-2.0,,https://huggingface.co/strivedi183/laya-typed-decisions-onnx-fp16
techtheist/laya-onnx,conversion,4,0,2026-09-24,,,apache-2.0,convaiinnovations/laya;convaiinnovations/laya-multilingual,https://huggingface.co/techtheist/laya-onnx
yehor-oleksiuk/laya-typed-decisions-onnx,conversion,0,0,2026-09-22,,,apache-2.0,convaiinnovations/laya-typed-decisions,https://huggingface.co/yehor-oleksiuk/laya-typed-decisions-onnx
ruvnet/ruvector-typesafe-clinc150,error,,,,,,,,https://huggingface.co/ruvnet/ruvector-typesafe-clinc150
ryandcunha/mmbu-jev-qwen3-0.6b-closed,error,,,,,,,,https://huggingface.co/ryandcunha/mmbu-jev-qwen3-0.6b-closed
ryandcunha/mmbu-jev-qwen3-0.6b-freetext,error,,,,,,,,https://huggingface.co/ryandcunha/mmbu-jev-qwen3-0.6b-freetext
s1lv3rj1nx/openjev-encoder-general,error,,,,,,,,https://huggingface.co/s1lv3rj1nx/openjev-encoder-general
s1lv3rj1nx/openjev-general-lora,error,,,,,,,,https://huggingface.co/s1lv3rj1nx/openjev-general-lora
mradermacher/WeVisDoc-4B-i1-GGUF,offtopic,1,1667,2026-09-19,,,apache-2.0,tencent/WeVisDoc-4B,https://huggingface.co/mradermacher/WeVisDoc-4B-i1-GGUF
mradermacher/WeVisDoc-2B-i1-GGUF,offtopic,0,1663,2026-09-18,,,apache-2.0,tencent/WeVisDoc-2B,https://huggingface.co/mradermacher/WeVisDoc-2B-i1-GGUF
tencent/WeVisDoc-2B,offtopic,26,1586,2026-09-16,2.44,,apache-2.0,,https://huggingface.co/tencent/WeVisDoc-2B
tencent/WeVisDoc-4B,offtopic,49,1357,2026-09-16,4.44,,apache-2.0,,https://huggingface.co/tencent/WeVisDoc-4B
prithivMLmods/WeVisDoc-2B-GGUF,offtopic,3,1077,2026-09-18,,image-text-to-text,apache-2.0,tencent/WeVisDoc-2B,https://huggingface.co/prithivMLmods/WeVisDoc-2B-GGUF
prithivMLmods/WeVisDoc-4B-GGUF,offtopic,1,957,2026-09-18,,image-text-to-text,apache-2.0,tencent/WeVisDoc-4B,https://huggingface.co/prithivMLmods/WeVisDoc-4B-GGUF
mradermacher/WeVisDoc-4B-GGUF,offtopic,0,676,2026-09-19,,,apache-2.0,tencent/WeVisDoc-4B,https://huggingface.co/mradermacher/WeVisDoc-4B-GGUF
mradermacher/WeVisDoc-2B-GGUF,offtopic,0,466,2026-09-18,,,apache-2.0,tencent/WeVisDoc-2B,https://huggingface.co/mradermacher/WeVisDoc-2B-GGUF
QomSSLab/verdict_classifier_v4.5,offtopic,0,3,2026-09-27,0.31,text-classification,,,https://huggingface.co/QomSSLab/verdict_classifier_v4.5
Mapika/decider-2b,original,93,232784,2026-09-16,1.88,text-classification,apache-2.0,Qwen/Qwen3.5-2B-Base,https://huggingface.co/Mapika/decider-2b
jaredpalmer/kev-4b,original,78,10776,2026-09-19,,text-classification,apache-2.0,Qwen/Qwen3.5-4B-Base,https://huggingface.co/jaredpalmer/kev-4b
jaredpalmer/kev-0.8b,original,25,8123,2026-09-20,,text-classification,apache-2.0,Qwen/Qwen3.5-0.8B-Base,https://huggingface.co/jaredpalmer/kev-0.8b
iapp/OpenThai-SystemOne,original,27,7979,2026-09-20,0.75,zero-shot-classification,apache-2.0,Qwen/Qwen3.5-0.8B-Base,https://huggingface.co/iapp/OpenThai-SystemOne
alibiserikbay/JevK5,original,15,6713,2026-09-22,4.21,text-generation,apache-2.0,Qwen/Qwen3.5-4B,https://huggingface.co/alibiserikbay/JevK5
Mapika/decider-0.8b,original,5,5622,2026-09-19,0.75,text-classification,apache-2.0,Qwen/Qwen3.5-0.8B-Base,https://huggingface.co/Mapika/decider-0.8b
Mapika/decider-4b,original,10,4797,2026-09-22,4.21,text-classification,apache-2.0,Qwen/Qwen3.5-4B-Base,https://huggingface.co/Mapika/decider-4b
openjev/openjev,original,73,4066,2026-09-20,27.36,zero-shot-classification,cc-by-nc-4.0,,https://huggingface.co/openjev/openjev
com-kotobalabs/open-jev-deberta-v3-large,original,69,2587,2026-09-18,0.43,text-classification,apache-2.0,microsoft/deberta-v3-large,https://huggingface.co/com-kotobalabs/open-jev-deberta-v3-large
Mapika/decider-2b-vision,original,31,2577,2026-09-16,2.21,image-text-to-text,apache-2.0,Qwen/Qwen3.5-2B-Base,https://huggingface.co/Mapika/decider-2b-vision
jaredpalmer/kev-9b,original,51,2512,2026-09-20,,text-classification,apache-2.0,Qwen/Qwen3.5-9B-Base,https://huggingface.co/jaredpalmer/kev-9b
dwidlee/systemone-lite-0.5b,original,0,1792,2026-09-19,0.49,text-generation,apache-2.0,Qwen/Qwen2.5-0.5B-Instruct,https://huggingface.co/dwidlee/systemone-lite-0.5b
TokenRhythm/NeoHorse-Jev-4B,original,18,1699,2026-09-23,,text-classification,apache-2.0,TokenRhythm/NeoHorse-1-4B,https://huggingface.co/TokenRhythm/NeoHorse-Jev-4B
jaredpalmer/kev-0.6b,original,6,1611,2026-09-19,,text-classification,apache-2.0,Qwen/Qwen3-0.6B-Base,https://huggingface.co/jaredpalmer/kev-0.6b
jaredpalmer/kev-0.5b,original,58,1546,2026-09-18,,text-classification,apache-2.0,Qwen/Qwen2.5-0.5B,https://huggingface.co/jaredpalmer/kev-0.5b
chaoliangUNSW/Jev-Style-Qwen3.5-2B-Decision-v2,original,0,1315,2026-09-23,1.88,text-generation,apache-2.0,Qwen/Qwen3.5-2B-Base,https://huggingface.co/chaoliangUNSW/Jev-Style-Qwen3.5-2B-Decision-v2
flock-io/this-that-model-1.0,original,17,1204,2026-09-20,1.88,text-classification,mit,decider-2b,https://huggingface.co/flock-io/this-that-model-1.0
argos1111/modernbert-ja-310m-jev,original,15,991,2026-09-19,0.32,text-classification,cc-by-sa-4.0,sbintuitions/modernbert-ja-310m,https://huggingface.co/argos1111/modernbert-ja-310m-jev
anthonym21/qwen3-0.6b-rlcd-decision,original,4,954,2026-09-19,0.6,text-classification,apache-2.0,Qwen/Qwen3-0.6B-Base,https://huggingface.co/anthonym21/qwen3-0.6b-rlcd-decision
pngwn/system-one-qwen3.5-4b-scorer,original,19,953,2026-09-16,,,cc-by-nc-4.0,Qwen/Qwen3.5-4B-Base,https://huggingface.co/pngwn/system-one-qwen3.5-4b-scorer
lostargon/Tiny-Jev,original,4,886,2026-09-21,0.6,text-classification,apache-2.0,Qwen/Qwen3-0.6B,https://huggingface.co/lostargon/Tiny-Jev
apus-ailab/APUS-OpenJev-v1-4B,original,4,873,2026-09-22,4.54,text-generation,apache-2.0,Qwen/Qwen3.5-4B,https://huggingface.co/apus-ailab/APUS-OpenJev-v1-4B
aimeigaoshou/agent-jev,original,34,821,2026-09-21,0.6,,apache-2.0,Qwen/Qwen3-0.6B,https://huggingface.co/aimeigaoshou/agent-jev
notnotsamuel/LFM2.5-350M-RLCD,original,23,797,2026-09-16,0.35,text-generation,other,,https://huggingface.co/notnotsamuel/LFM2.5-350M-RLCD
apus-ailab/APUS-OpenJev-v1-9B,original,5,778,2026-09-22,9.41,text-generation,apache-2.0,Qwen/Qwen3.5-9B,https://huggingface.co/apus-ailab/APUS-OpenJev-v1-9B
Mapika/decider-35b-a3b,original,8,753,2026-09-20,34.66,text-classification,apache-2.0,Qwen/Qwen3.5-35B-A3B-Base,https://huggingface.co/Mapika/decider-35b-a3b
guanxuyu/visual-jev-4b-answer-sft,original,2,730,2026-09-23,,image-text-to-text,apache-2.0,Qwen/Qwen3-VL-4B-Instruct,https://huggingface.co/guanxuyu/visual-jev-4b-answer-sft
OmniJev/PlayJev-0.8B,original,2,729,2026-09-19,1.11,image-text-to-text,apache-2.0,Qwen/Qwen3.5-0.8B-Base,https://huggingface.co/OmniJev/PlayJev-0.8B
alibiserikbay/JevK5-9B,original,1,683,2026-09-25,8.95,text-generation,apache-2.0,Qwen/Qwen3.5-9B,https://huggingface.co/alibiserikbay/JevK5-9B
monotykamary/LFM2.5-2.6B-RLCD,original,6,667,2026-09-16,2.7,text-generation,other,LiquidAI/LFM2.5-2.6B,https://huggingface.co/monotykamary/LFM2.5-2.6B-RLCD
apus-ailab/APUS-OpenJev-v1-35B-A3B,original,4,664,2026-09-22,35.95,text-generation,apache-2.0,Qwen/Qwen3.5-35B-A3B,https://huggingface.co/apus-ailab/APUS-OpenJev-v1-35B-A3B
wayfind/metask-jev-4b-policy-mix,original,2,628,2026-09-21,4.54,text-classification,apache-2.0,Qwen/Qwen3.5-4B,https://huggingface.co/wayfind/metask-jev-4b-policy-mix
akhilaaa3/Jev-Omni,original,287,577,2026-09-20,11.96,text-classification,apache-2.0,google/gemma-4-12B-it,https://huggingface.co/akhilaaa3/Jev-Omni
alibiserikbay/JevK5-2B,original,1,534,2026-09-23,1.88,text-generation,apache-2.0,Qwen/Qwen3.5-2B,https://huggingface.co/alibiserikbay/JevK5-2B
mobarmg/jev-schema-scorer-deberta-v3-large,original,7,524,2026-09-17,0.44,text-classification,mit,microsoft/deberta-v3-large,https://huggingface.co/mobarmg/jev-schema-scorer-deberta-v3-large
jaredpalmer/kev-8b,original,11,503,2026-09-19,,text-classification,apache-2.0,Qwen/Qwen3-8B-Base,https://huggingface.co/jaredpalmer/kev-8b
AXERA-TECH/Laya,original,3,386,2026-09-21,,text-classification,apache-2.0,convaiinnovations/laya;convaiinnovations/laya-multilingual;convaiinnovations/laya-typed-decisions,https://huggingface.co/AXERA-TECH/Laya
HIT-TMG/JevEmbed-Qwen3-Embedding-0.6B,original,1,385,2026-09-26,0.6,feature-extraction,apache-2.0,Qwen/Qwen3-Embedding-0.6B,https://huggingface.co/HIT-TMG/JevEmbed-Qwen3-Embedding-0.6B
autotrust/JEV-9B,original,11,336,2026-09-23,8.95,text-classification,apache-2.0,Qwen/Qwen3.5-9B,https://huggingface.co/autotrust/JEV-9B
flock-io/this-that-model-1.2,original,6,321,2026-09-23,1.88,text-classification,mit,decider-2b,https://huggingface.co/flock-io/this-that-model-1.2
kushalpatil/jevify-gemma4-e4b,original,0,320,2026-09-20,7.94,image-text-to-text,gemma,google/gemma-4-E4B-it,https://huggingface.co/kushalpatil/jevify-gemma4-e4b
chaoliangUNSW/Jev-Style-0.8B-Decision-v3,original,4,277,2026-09-24,0.75,text-classification,apache-2.0,Qwen/Qwen3.5-0.8B,https://huggingface.co/chaoliangUNSW/Jev-Style-0.8B-Decision-v3
jaredpalmer/kev-27b,original,12,261,2026-09-24,,text-classification,apache-2.0,Qwen/Qwen3.8-27B,https://huggingface.co/jaredpalmer/kev-27b
samatv256/mini-Jev,original,18,248,2026-09-21,0.0,,apache-2.0,Qwen/Qwen3-0.6B,https://huggingface.co/samatv256/mini-Jev
pngwn/system-one-qwen3.5-4b-scorer-v2b,original,5,242,2026-09-17,,,cc-by-nc-4.0,Qwen/Qwen3.5-4B-Base,https://huggingface.co/pngwn/system-one-qwen3.5-4b-scorer-v2b
vagmi/jev-lite,original,5,215,2026-09-19,,text-classification,gemma,google/gemma-4-E4B-it,https://huggingface.co/vagmi/jev-lite
DavidHatley/system-one-mini,original,0,193,2026-09-16,0.07,feature-extraction,apache-2.0,distilbert/distilbert-base-uncased,https://huggingface.co/DavidHatley/system-one-mini
Wouze/laya-ara-rag,original,3,190,2026-09-21,0.32,text-classification,apache-2.0,convaiinnovations/laya-multilingual,https://huggingface.co/Wouze/laya-ara-rag
HIT-TMG/JevEmbed-KaLM-Embedding-V2.5,original,1,178,2026-09-25,0.49,feature-extraction,apache-2.0,KaLM-Embedding/KaLM-embedding-multilingual-mini-instruct-v2.5,https://huggingface.co/HIT-TMG/JevEmbed-KaLM-Embedding-V2.5
kushalpatil/jevify-gemma4-26b-a4b,original,2,178,2026-09-20,25.81,image-text-to-text,gemma,google/gemma-4-26B-A4B-it,https://huggingface.co/kushalpatil/jevify-gemma4-26b-a4b
Wouze/laya-ara,original,2,176,2026-09-21,0.32,text-classification,other,convaiinnovations/laya-multilingual,https://huggingface.co/Wouze/laya-ara
v6543210/openJev-1.5B,original,2,175,2026-09-21,,text-classification,apache-2.0,Qwen/Qwen2.5-Coder-1.5B-Instruct,https://huggingface.co/v6543210/openJev-1.5B
lostargon/Tiny-Jev-1.7B,original,0,159,2026-09-23,1.72,text-classification,apache-2.0,Qwen/Qwen3-1.7B,https://huggingface.co/lostargon/Tiny-Jev-1.7B
SUPER321/jevflash-doom-basic-0.6b,original,0,158,2026-09-23,,text-generation,apache-2.0,Qwen/Qwen3-0.6B-Base,https://huggingface.co/SUPER321/jevflash-doom-basic-0.6b
ShaunSpark/laya-mind2web-browser-agent,original,6,146,2026-09-18,,,apache-2.0,convaiinnovations/laya,https://huggingface.co/ShaunSpark/laya-mind2web-browser-agent
IamBusy/OpenJev-0.6B,original,0,124,2026-09-19,,text-classification,apache-2.0,Qwen/Qwen3-0.6B,https://huggingface.co/IamBusy/OpenJev-0.6B
autotrust/JEV-27B,original,7,120,2026-09-25,26.9,text-classification,apache-2.0,Qwen/Qwen3.8-27B,https://huggingface.co/autotrust/JEV-27B
Prompt48/my-jev-4b,original,0,119,2026-09-27,4.66,text-generation,apache-2.0,Qwen/Qwen3.5-4B,https://huggingface.co/Prompt48/my-jev-4b
fukayatti0/jev-japanese-judgment,original,0,115,2026-09-23,,,other,LiquidAI/LFM2.5-1.2B-JP-202606,https://huggingface.co/fukayatti0/jev-japanese-judgment
apus-ailab/APUS-OpenJev-v1,original,25,102,2026-09-21,,,,Qwen/Qwen3.5-4B;Qwen/Qwen3.5-9B;Qwen/Qwen3.5-35B-A3B,https://huggingface.co/apus-ailab/APUS-OpenJev-v1
AstroHan/decision-head-qwen3.5-4b-rlcd-32k,original,0,89,2026-09-20,,text-classification,apache-2.0,Qwen/Qwen3.5-4B,https://huggingface.co/AstroHan/decision-head-qwen3.5-4b-rlcd-32k
flock-io/this-that-model-1.1,original,0,80,2026-09-22,1.88,text-classification,mit,decider-2b,https://huggingface.co/flock-io/this-that-model-1.1
DKNTZMN/gan8-vs-jev,original,1,79,2026-09-23,,,apache-2.0,,https://huggingface.co/DKNTZMN/gan8-vs-jev
AndeyTait/JevForge-0.8B,original,0,77,2026-09-19,,text-classification,apache-2.0,Qwen/Qwen3.5-0.8B,https://huggingface.co/AndeyTait/JevForge-0.8B
tianxinwei/JevAny-27B-SFT,original,1,71,2026-09-22,,,apache-2.0,Qwen/Qwen3.8-27B,https://huggingface.co/tianxinwei/JevAny-27B-SFT
tianxinwei/JevAny-27B-RLCR,original,1,70,2026-09-22,,reinforcement-learning,apache-2.0,Qwen/Qwen3.8-27B,https://huggingface.co/tianxinwei/JevAny-27B-RLCR
abidlabs/jev-typed-decisions-causal-0.6b,original,0,69,2026-09-21,,,apache-2.0,Qwen/Qwen3-0.6B-Base,https://huggingface.co/abidlabs/jev-typed-decisions-causal-0.6b
kaivoss/system-one-270m,original,0,69,2026-09-21,0.27,text-classification,gemma,unsloth/gemma-3-270m-it,https://huggingface.co/kaivoss/system-one-270m
mghafiri/qwen3.5-0.8B-decision-model,original,1,67,2026-09-22,0.75,text-classification,apache-2.0,Qwen/Qwen3.5-0.8B-Base,https://huggingface.co/mghafiri/qwen3.5-0.8B-decision-model
leobitz/jev-berta-base-zeroshot-classifier,original,4,66,2026-09-24,,zero-shot-classification,mit,microsoft/deberta-v3-base,https://huggingface.co/leobitz/jev-berta-base-zeroshot-classifier
Foodoo1/Qwen3-14B-RLCD-Decision-LoRA,original,3,61,2026-09-18,,text-generation,apache-2.0,Qwen/Qwen3-14B,https://huggingface.co/Foodoo1/Qwen3-14B-RLCD-Decision-LoRA
NewSonnet/cua-s1-forge-rlcd-v3,original,0,55,2026-09-22,0.0,text-classification,mit,,https://huggingface.co/NewSonnet/cua-s1-forge-rlcd-v3
jsaurabh/qwen3.5-9b-jev-data-mix-v2,original,0,53,2026-09-22,,text-classification,apache-2.0,Qwen/Qwen3.5-9B,https://huggingface.co/jsaurabh/qwen3.5-9b-jev-data-mix-v2
WIlfLin/JEV-Qwen3.5-0.8B-Base,original,0,52,2026-09-22,0.87,text-classification,apache-2.0,Qwen/Qwen3.5-0.8B,https://huggingface.co/WIlfLin/JEV-Qwen3.5-0.8B-Base
sdmlai/nano-jev,original,0,52,2026-09-25,0.03,text-classification,mit,microsoft/MiniLM-L12-H384-uncased,https://huggingface.co/sdmlai/nano-jev
alibiserikbay/JevK5-Lite,original,0,51,2026-09-25,0.43,zero-shot-classification,apache-2.0,microsoft/deberta-v3-large,https://huggingface.co/alibiserikbay/JevK5-Lite
chaoliangUNSW/Jev-Style-2B-Decision-v3,original,2,51,2026-09-27,1.88,text-classification,apache-2.0,Qwen/Qwen3.5-2B,https://huggingface.co/chaoliangUNSW/Jev-Style-2B-Decision-v3
Raymond1122/metask-jev-4b-policy-mix,original,0,50,2026-09-21,4.54,text-classification,apache-2.0,Qwen/Qwen3.5-4B,https://huggingface.co/Raymond1122/metask-jev-4b-policy-mix
shreyanbr/system-one-distilled,original,0,48,2026-09-19,0.07,zero-shot-classification,apache-2.0,MoritzLaurer/deberta-v3-xsmall-zeroshot-v1.1-all-33,https://huggingface.co/shreyanbr/system-one-distilled
CaoHaoWei/Jev-LCT-Qwen2.5-1.5B,original,1,43,2026-09-25,1.54,text-classification,apache-2.0,,https://huggingface.co/CaoHaoWei/Jev-LCT-Qwen2.5-1.5B
gyung/Qwev-9B-RLCD,original,1,42,2026-09-26,,text-classification,apache-2.0,jaredpalmer/kev-9b,https://huggingface.co/gyung/Qwev-9B-RLCD
shreyanbr/system-one-gold,original,0,41,2026-09-19,0.07,zero-shot-classification,apache-2.0,MoritzLaurer/deberta-v3-xsmall-zeroshot-v1.1-all-33,https://huggingface.co/shreyanbr/system-one-gold
SargeDev/jev-gate-student-b-merged,original,0,40,2026-09-21,0.49,,apache-2.0,Qwen/Qwen2.5-0.5B-Instruct,https://huggingface.co/SargeDev/jev-gate-student-b-merged
fukayatti0/jev-japanese-judgment-v2,original,0,39,2026-09-25,,,other,LiquidAI/LFM2.5-1.2B-JP-202606,https://huggingface.co/fukayatti0/jev-japanese-judgment-v2
jaswanthsanjay88/jev-0.5b,original,0,37,2026-09-19,,,,Qwen/Qwen2.5-0.5B,https://huggingface.co/jaswanthsanjay88/jev-0.5b
rAVEUK/open-jev-deberta-v3-large,original,0,37,2026-09-20,0.43,text-classification,apache-2.0,microsoft/deberta-v3-large,https://huggingface.co/rAVEUK/open-jev-deberta-v3-large
VTXAI/VTX-JEV-1,original,2,36,2026-09-24,0.01,feature-extraction,apache-2.0,,https://huggingface.co/VTXAI/VTX-JEV-1
ali-rehman-ML/modern-bert-jev,original,0,36,2026-09-26,,multiple-choice,apache-2.0,answerdotai/ModernBERT-base,https://huggingface.co/ali-rehman-ML/modern-bert-jev
DawoodKMasood/jev-gemma-3-270m,original,2,33,2026-09-23,,text-classification,,google/gemma-3-270m-it,https://huggingface.co/DawoodKMasood/jev-gemma-3-270m
anespo28/openjev-fincalc-4b,original,1,33,2026-09-27,4.54,text-classification,mit,AlexWortega/openjev,https://huggingface.co/anespo28/openjev-fincalc-4b
kushalpatil/jevify-gemma4-26b-a4b-lora,original,0,33,2026-09-20,,text-generation,,google/gemma-4-26B-A4B-it,https://huggingface.co/kushalpatil/jevify-gemma4-26b-a4b-lora
nativ-community/decider-2b,original,0,32,2026-09-25,1.88,text-classification,apache-2.0,Mapika/decider-2b,https://huggingface.co/nativ-community/decider-2b
NAME0x0/Jevlet,original,0,31,2026-09-25,0.03,text-classification,mit,BAAI/bge-small-en-v1.5,https://huggingface.co/NAME0x0/Jevlet
Nebulaw1/jev-qwen3.5-4b-legal-lora,original,0,31,2026-09-20,,text-generation,apache-2.0,Qwen/Qwen3.5-4B-Base,https://huggingface.co/Nebulaw1/jev-qwen3.5-4b-legal-lora
CaoHaoWei/Jev-LCT-Qwen2.5-0.5B,original,0,29,2026-09-25,0.49,text-classification,apache-2.0,,https://huggingface.co/CaoHaoWei/Jev-LCT-Qwen2.5-0.5B
alanhuangya/wev-1.7b,original,1,29,2026-09-23,1.72,,apache-2.0,Qwen/Qwen3-1.7B-Base,https://huggingface.co/alanhuangya/wev-1.7b
alanhuangya/wev-4b,original,0,29,2026-09-23,4.02,,apache-2.0,Qwen/Qwen3-4B-Base,https://huggingface.co/alanhuangya/wev-4b
shreyanbr/system-one-zeroshot,original,0,29,2026-09-19,0.07,zero-shot-classification,apache-2.0,MoritzLaurer/deberta-v3-xsmall-zeroshot-v1.1-all-33,https://huggingface.co/shreyanbr/system-one-zeroshot
kushalpatil/jevify-gemma4-e4b-lora,original,0,27,2026-09-20,,text-generation,,google/gemma-4-E4B-it,https://huggingface.co/kushalpatil/jevify-gemma4-e4b-lora
nicolasembleton/mini-jev-minicpm5-2b-shell-safety-phase1b-merged,original,0,27,2026-09-24,2.52,text-classification,apache-2.0,openbmb/MiniCPM5-2B,https://huggingface.co/nicolasembleton/mini-jev-minicpm5-2b-shell-safety-phase1b-merged
AlquimiaAi/openjev,original,0,26,2026-09-21,27.36,zero-shot-classification,cc-by-nc-4.0,,https://huggingface.co/AlquimiaAi/openjev
Praveenrajus/jevify-qwen3.5-2b-readout-full-coh,original,0,26,2026-09-25,1.88,,apache-2.0,Qwen/Qwen3.5-2B,https://huggingface.co/Praveenrajus/jevify-qwen3.5-2b-readout-full-coh
TurkishCodeMan/laya-tr,original,1,26,2026-09-27,0.32,text-classification,apache-2.0,,https://huggingface.co/TurkishCodeMan/laya-tr
guzus/jev-nyotti,original,0,26,2026-09-22,,,apache-2.0,Qwen/Qwen3.5-4B,https://huggingface.co/guzus/jev-nyotti
Praveenrajus/jevify-qwen3.5-2b-readout-full,original,0,25,2026-09-25,1.88,,apache-2.0,Qwen/Qwen3.5-2B,https://huggingface.co/Praveenrajus/jevify-qwen3.5-2b-readout-full
asjson/jevson-4b-01,original,0,25,2026-09-23,,text-classification,apache-2.0,Qwen/Qwen3-4B,https://huggingface.co/asjson/jevson-4b-01
mogita/jev-decider-qwen3-4b,original,1,25,2026-09-21,,text-classification,apache-2.0,Qwen/Qwen3-4B,https://huggingface.co/mogita/jev-decider-qwen3-4b
sunziqin/millennium-jev-1.5b,original,0,25,2026-09-25,,zero-shot-classification,apache-2.0,Qwen/Qwen2.5-1.5B-Instruct,https://huggingface.co/sunziqin/millennium-jev-1.5b
VTXAI/VTX-JEV-2,original,0,24,2026-09-27,0.07,feature-extraction,apache-2.0,VTXAI/vtx-jev-laya-multilingual,https://huggingface.co/VTXAI/VTX-JEV-2
bambamdevs/openjev-e4b,original,1,23,2026-09-27,,zero-shot-classification,apache-2.0,google/gemma-4-E4B-it,https://huggingface.co/bambamdevs/openjev-e4b
cainai/OpenJev-Qwen3.5-0.8b,original,1,23,2026-09-22,0.75,text-classification,apache-2.0,Qwen/Qwen3.5-0.8B,https://huggingface.co/cainai/OpenJev-Qwen3.5-0.8b
top7777/jev-schema-scorer-deberta-v3-large,original,0,22,2026-09-22,0.44,text-classification,mit,microsoft/deberta-v3-large,https://huggingface.co/top7777/jev-schema-scorer-deberta-v3-large
lokinfey/Qwen3_5_0.8B_jev,original,0,21,2026-09-23,,text-classification,apache-2.0,Qwen/Qwen3.5-0.8B,https://huggingface.co/lokinfey/Qwen3_5_0.8B_jev
NewSonnet/cua-s1-forge-rlcd,original,0,20,2026-09-22,0.0,text-classification,mit,,https://huggingface.co/NewSonnet/cua-s1-forge-rlcd
Praveenrajus/jevify-qwen3.5-4b-readout-full-coh,original,0,20,2026-09-25,4.21,,apache-2.0,Qwen/Qwen3.5-4B,https://huggingface.co/Praveenrajus/jevify-qwen3.5-4b-readout-full-coh
minhleduc/laya-typed-decisions-ce-1024,original,0,20,2026-09-26,0.42,text-classification,apache-2.0,convaiinnovations/laya,https://huggingface.co/minhleduc/laya-typed-decisions-ce-1024
sunziqin/millennium-jev-0.5b,original,0,20,2026-09-25,,zero-shot-classification,apache-2.0,Qwen/Qwen2.5-0.5B-Instruct,https://huggingface.co/sunziqin/millennium-jev-0.5b
canbingol/jev-mmlu-classifier,original,0,18,2026-09-25,0.2,feature-extraction,,,https://huggingface.co/canbingol/jev-mmlu-classifier
moganai/lavoir,original,0,18,2026-09-24,0.42,text-classification,cc-by-nc-4.0,,https://huggingface.co/moganai/lavoir
Manav2op/verdict-typed-small,original,0,17,2026-09-24,0.12,feature-extraction,apache-2.0,intfloat/multilingual-e5-small,https://huggingface.co/Manav2op/verdict-typed-small
Praveenrajus/jevify-qwen3.5-4b-readout-full,original,0,17,2026-09-25,4.21,,apache-2.0,Qwen/Qwen3.5-4B,https://huggingface.co/Praveenrajus/jevify-qwen3.5-4b-readout-full
duclvQ/vi-law-laya,original,2,17,2026-09-26,0.32,text-ranking,apache-2.0,convaiinnovations/laya,https://huggingface.co/duclvQ/vi-law-laya
moganai/lavoir-tr,original,0,17,2026-09-25,0.16,text-classification,cc-by-nc-4.0,,https://huggingface.co/moganai/lavoir-tr
rodneyslafuente/decision-model-rl-overcooked,original,0,17,2026-09-27,,text-classification,mit,rodneyslafuente/openjev-v5-0.8b,https://huggingface.co/rodneyslafuente/decision-model-rl-overcooked
VTXAI/VTX-JEV-3,original,0,16,2026-09-27,,feature-extraction,apache-2.0,VTXAI/VTX-JEV-2,https://huggingface.co/VTXAI/VTX-JEV-3
alanhuangya/wev-8b,original,0,15,2026-09-23,7.57,,apache-2.0,Qwen/Qwen3-8B-Base,https://huggingface.co/alanhuangya/wev-8b
nicolasembleton/openjev-minicpm5-2b-lora-phase1,original,0,15,2026-09-24,,text-generation,apache-2.0,openbmb/MiniCPM5-2B,https://huggingface.co/nicolasembleton/openjev-minicpm5-2b-lora-phase1
CaoHaoWei/Jev-LCT-Qwen3-8B,original,0,14,2026-09-26,8.19,text-classification,apache-2.0,,https://huggingface.co/CaoHaoWei/Jev-LCT-Qwen3-8B
Nebulaw1/jev-qwen3.5-0.8b-legal-lora,original,0,14,2026-09-20,,text-generation,apache-2.0,Qwen/Qwen3.5-0.8B-Base,https://huggingface.co/Nebulaw1/jev-qwen3.5-0.8b-legal-lora
SargeDev/Jev_Qwen3.8-27B,original,0,13,2026-09-24,26.9,,apache-2.0,huihui-ai/Huihui-Qwen3.8-27B-abliterated,https://huggingface.co/SargeDev/Jev_Qwen3.8-27B
einsteiner1983/nemotron-3.5-lightning-systemone-lora-r16,original,0,13,2026-09-22,,,,,https://huggingface.co/einsteiner1983/nemotron-3.5-lightning-systemone-lora-r16
vdaular/decider-2b-vision,original,0,13,2026-09-23,2.21,image-text-to-text,apache-2.0,Qwen/Qwen3.5-2B-Base,https://huggingface.co/vdaular/decider-2b-vision
HIT-TMG/JevEmbed-Qwen3-Embedding-4B,original,1,11,2026-09-28,4.02,feature-extraction,apache-2.0,Qwen/Qwen3-Embedding-4B,https://huggingface.co/HIT-TMG/JevEmbed-Qwen3-Embedding-4B
Manav2op/verdict-typed-base,original,0,11,2026-09-24,0.28,feature-extraction,apache-2.0,intfloat/multilingual-e5-base,https://huggingface.co/Manav2op/verdict-typed-base
Mapika/decider-2b-coherent,original,0,11,2026-09-27,,multiple-choice,apache-2.0,Mapika/decider-2b,https://huggingface.co/Mapika/decider-2b-coherent
ytbai/MiniCPM5-2B-Jev,original,1,11,2026-09-28,,text-classification,apache-2.0,openbmb/MiniCPM5-2B,https://huggingface.co/ytbai/MiniCPM5-2B-Jev
abhishek085/jev-control-es,original,0,10,2026-09-27,0.15,text-classification,apache-2.0,answerdotai/ModernBERT-base,https://huggingface.co/abhishek085/jev-control-es
hiteshluke/zyot-decider-12b-adapter,original,0,10,2026-09-26,,text-generation,,google/gemma-4-12B-it,https://huggingface.co/hiteshluke/zyot-decider-12b-adapter
nicolasembleton/openjev-minicpm5-2b-lora-phase1-merged,original,0,10,2026-09-24,2.52,,apache-2.0,openbmb/MiniCPM5-2B,https://huggingface.co/nicolasembleton/openjev-minicpm5-2b-lora-phase1-merged
Mannedood/local-system-one-student,original,0,9,2026-09-18,0.15,text-classification,mit,answerdotai/ModernBERT-base,https://huggingface.co/Mannedood/local-system-one-student
OceanLabs/Coral-decider-4b,original,1,9,2026-09-26,4.21,text-classification,apache-2.0,Qwen/Qwen3.5-4B-Base,https://huggingface.co/OceanLabs/Coral-decider-4b
SargeDev/Jev_Qwen3.8-27B-r2-LoRA,original,0,9,2026-09-28,,,apache-2.0,huihui-ai/Huihui-Qwen3.8-27B-abliterated,https://huggingface.co/SargeDev/Jev_Qwen3.8-27B-r2-LoRA
guanxuyu/visual-jev-browser-4b,original,0,9,2026-09-27,,image-text-to-text,mit,Qwen/Qwen3-VL-4B-Instruct,https://huggingface.co/guanxuyu/visual-jev-browser-4b
rodneyslafuente/openjev-v5-0.8b,original,0,8,2026-09-27,0.85,text-classification,mit,Qwen/Qwen3.5-0.8B,https://huggingface.co/rodneyslafuente/openjev-v5-0.8b
vdaular/decider-35b-a3b,original,0,8,2026-09-23,34.66,text-classification,apache-2.0,Qwen/Qwen3.5-35B-A3B-Base,https://huggingface.co/vdaular/decider-35b-a3b
bzantium/gemma-3-270m-jev,original,0,6,2026-09-23,0.27,text-classification,gemma,google/gemma-3-270m-it,https://huggingface.co/bzantium/gemma-3-270m-jev
WhaletechAI/W1-JEV,original,0,4,2026-09-25,,,,,https://huggingface.co/WhaletechAI/W1-JEV
soyrsoyr/jev-playground-rlcd,original,0,4,2026-09-23,,text-classification,mit,MoritzLaurer/deberta-v3-large-zeroshot-v2.0,https://huggingface.co/soyrsoyr/jev-playground-rlcd
RowletQwQ/JevCodeLocator-0.6B,original,0,2,2026-09-28,0.6,text-ranking,apache-2.0,Qwen/Qwen3-0.6B,https://huggingface.co/RowletQwQ/JevCodeLocator-0.6B
0xSojalSec/Jev-Omni,original,0,0,2026-09-23,,text-classification,apache-2.0,google/gemma-4-12B-it,https://huggingface.co/0xSojalSec/Jev-Omni
0xSojalSec/laya-System1,original,1,0,2026-09-22,0.42,text-classification,apache-2.0,,https://huggingface.co/0xSojalSec/laya-System1
16sulphur/laya-prompt-guard,original,3,0,2026-09-24,0.42,,apache-2.0,convaiinnovations/laya,https://huggingface.co/16sulphur/laya-prompt-guard
AIMultiple/laya-typed-decisions-browser-ft,original,0,0,2026-09-24,0.42,,apache-2.0,convaiinnovations/laya,https://huggingface.co/AIMultiple/laya-typed-decisions-browser-ft
AhmetSemih/laya-turkish-mmlu,original,2,0,2026-09-23,0.32,multiple-choice,apache-2.0,convaiinnovations/laya,https://huggingface.co/AhmetSemih/laya-turkish-mmlu
AlexWortega/openjev,original,615,0,2026-09-16,,text-classification,mit,Qwen/Qwen3.5-4B,https://huggingface.co/AlexWortega/openjev
Ankit1106/laya-typed-decisions,original,0,0,2026-09-22,0.42,,apache-2.0,,https://huggingface.co/Ankit1106/laya-typed-decisions
BlackwoodAI/blackwood-rlcd,original,2,0,2026-09-18,,,,,https://huggingface.co/BlackwoodAI/blackwood-rlcd
Cahol/laya-banking77-v1,original,1,0,2026-09-22,,text-classification,apache-2.0,convaiinnovations/laya,https://huggingface.co/Cahol/laya-banking77-v1
CaoHaoWei/Jev-LCT-Adapters,original,1,0,2026-09-25,,text-classification,apache-2.0,,https://huggingface.co/CaoHaoWei/Jev-LCT-Adapters
Fr0zencr4nE/jev-spatial,original,1,0,2026-09-24,,,apache-2.0,allenai/Molmo2-ER,https://huggingface.co/Fr0zencr4nE/jev-spatial
GoatHerder/Ariadne-Laya-TD,original,1,0,2026-09-27,,text-classification,apache-2.0,convaiinnovations/laya,https://huggingface.co/GoatHerder/Ariadne-Laya-TD
IJyad/jeb-typed-decisions,original,0,0,2026-09-22,0.18,text-classification,apache-2.0,IJyad/jeb,https://huggingface.co/IJyad/jeb-typed-decisions
IamBusy/OpenJev-Vision,original,0,0,2026-09-19,,image-classification,other,,https://huggingface.co/IamBusy/OpenJev-Vision
InfinimindCreations/laya-news-decisions,original,1,0,2026-09-22,0.32,text-classification,apache-2.0,convaiinnovations/laya,https://huggingface.co/InfinimindCreations/laya-news-decisions
InfinimindCreations/laya-rlcd-training,original,0,0,2026-09-21,,,,,https://huggingface.co/InfinimindCreations/laya-rlcd-training
Jeuner/jev-maboto,original,0,0,2026-09-22,,,apache-2.0,mlx-community/Qwen3-1.7B-4bit,https://huggingface.co/Jeuner/jev-maboto
JonesLin/next-jev-stage1-cot,original,0,0,2026-09-23,,,,Qwen/Qwen3.5-0.8B,https://huggingface.co/JonesLin/next-jev-stage1-cot
JonesLin/next-jev-stage1-last-block,original,0,0,2026-09-25,,,,Qwen/Qwen3.5-0.8B,https://huggingface.co/JonesLin/next-jev-stage1-last-block
JonesLin/next-jev-stage2-last-block,original,0,0,2026-09-25,,,,Qwen/Qwen3.5-0.8B,https://huggingface.co/JonesLin/next-jev-stage2-last-block
JonesLin/next-jev-stage2-last-loop,original,0,0,2026-09-23,,,,Qwen/Qwen3.5-0.8B,https://huggingface.co/JonesLin/next-jev-stage2-last-loop
JonusNattapong/jev-my-bro-th1200,original,0,0,2026-09-23,0.32,text-classification,apache-2.0,convaiinnovations/laya-multilingual,https://huggingface.co/JonusNattapong/jev-my-bro-th1200
JonusNattapong/jev-my-bro-th960,original,0,0,2026-09-22,0.32,text-classification,apache-2.0,convaiinnovations/laya-multilingual,https://huggingface.co/JonusNattapong/jev-my-bro-th960
Luni/laya-grounded,original,3,0,2026-09-19,0.42,,cc-by-nc-4.0,convaiinnovations/laya,https://huggingface.co/Luni/laya-grounded
Meanblock/JEV-CPU,original,47,0,2026-09-19,,zero-shot-classification,mit,Qwen/Qwen3-0.6B,https://huggingface.co/Meanblock/JEV-CPU
MenteEAI/mentee-decision-model-v1,original,0,0,2026-09-25,,,apache-2.0,,https://huggingface.co/MenteEAI/mentee-decision-model-v1
Modusnsus/laya-typed-decisions-multilingual,original,0,0,2026-09-25,0.42,text-classification,apache-2.0,convaiinnovations/laya-multilingual,https://huggingface.co/Modusnsus/laya-typed-decisions-multilingual
NicolaiMTLassen/bonzi-1.7b-v1-jev,original,1,0,2026-09-20,,text-classification,mit,prism-ml/Bonsai-1.7B-gguf,https://huggingface.co/NicolaiMTLassen/bonzi-1.7b-v1-jev
NicolaiMTLassen/bonzi-27b-v1-jev,original,0,0,2026-09-20,,text-classification,mit,prism-ml/Bonsai-27B-gguf,https://huggingface.co/NicolaiMTLassen/bonzi-27b-v1-jev
NicolaiMTLassen/bonzi-27b-v2-jev,original,1,0,2026-09-20,,text-classification,mit,prism-ml/Ternary-Bonsai-2-27B-gguf,https://huggingface.co/NicolaiMTLassen/bonzi-27b-v2-jev
NicolaiMTLassen/bonzi-4b-v1-jev,original,0,0,2026-09-20,,text-classification,mit,prism-ml/Bonsai-4B-gguf,https://huggingface.co/NicolaiMTLassen/bonzi-4b-v1-jev
NicolaiMTLassen/bonzi-8b-ternary-v1-jev,original,0,0,2026-09-20,,text-classification,mit,prism-ml/Ternary-Bonsai-8B-gguf,https://huggingface.co/NicolaiMTLassen/bonzi-8b-ternary-v1-jev
NicolaiMTLassen/bonzi-8b-v1-jev,original,0,0,2026-09-20,,text-classification,mit,prism-ml/Bonsai-8B-gguf,https://huggingface.co/NicolaiMTLassen/bonzi-8b-v1-jev
NovaAI6868/layazh-zh,original,1,0,2026-09-27,0.35,text-classification,other,hfl/chinese-roberta-wwm-ext-large,https://huggingface.co/NovaAI6868/layazh-zh
Omarmahmoud83/jevlite,original,0,0,2026-09-22,,,,,https://huggingface.co/Omarmahmoud83/jevlite
OniReimu/Edge-Computing-JEV-classifiers,original,0,0,2026-09-25,,text-classification,apache-2.0,distilbert/distilbert-base-uncased,https://huggingface.co/OniReimu/Edge-Computing-JEV-classifiers
Pdbz199/local-decision-model,original,0,0,2026-09-21,,zero-shot-classification,cc-by-nc-4.0,answerdotai/ModernBERT-base,https://huggingface.co/Pdbz199/local-decision-model
Praveenrajus/Llama-3.1-Tulu-3-8B-DPO-jevify-readout,original,0,0,2026-09-25,,,llama3.1,allenai/Llama-3.1-Tulu-3-8B-DPO,https://huggingface.co/Praveenrajus/Llama-3.1-Tulu-3-8B-DPO-jevify-readout
Praveenrajus/Llama-3.1-Tulu-3-8B-DPO-jevify-readout-coh,original,0,0,2026-09-25,,,llama3.1,allenai/Llama-3.1-Tulu-3-8B-DPO,https://huggingface.co/Praveenrajus/Llama-3.1-Tulu-3-8B-DPO-jevify-readout-coh
Praveenrajus/Llama-3.1-Tulu-3-8B-SFT-jevify-readout,original,0,0,2026-09-25,,,llama3.1,allenai/Llama-3.1-Tulu-3-8B-SFT,https://huggingface.co/Praveenrajus/Llama-3.1-Tulu-3-8B-SFT-jevify-readout
Praveenrajus/Llama-3.1-Tulu-3-8B-SFT-jevify-readout-coh,original,0,0,2026-09-25,,,llama3.1,allenai/Llama-3.1-Tulu-3-8B-SFT,https://huggingface.co/Praveenrajus/Llama-3.1-Tulu-3-8B-SFT-jevify-readout-coh
Praveenrajus/jevify-gemma-4-e4b-it-readout,original,0,0,2026-09-25,,,apache-2.0,google/gemma-4-E4B-it,https://huggingface.co/Praveenrajus/jevify-gemma-4-e4b-it-readout
Praveenrajus/jevify-gemma-4-e4b-it-readout-coh,original,0,0,2026-09-25,,,apache-2.0,google/gemma-4-E4B-it,https://huggingface.co/Praveenrajus/jevify-gemma-4-e4b-it-readout-coh
Praveenrajus/jevify-gemma-4-e4b-readout,original,0,0,2026-09-25,,,apache-2.0,google/gemma-4-E4B,https://huggingface.co/Praveenrajus/jevify-gemma-4-e4b-readout
Praveenrajus/jevify-qwen3-vl-2b,original,0,0,2026-09-21,,,apache-2.0,Qwen/Qwen3-VL-2B-Instruct,https://huggingface.co/Praveenrajus/jevify-qwen3-vl-2b
Praveenrajus/jevify-qwen3-vl-2b-t2,original,0,0,2026-09-22,,,apache-2.0,Qwen/Qwen3-VL-2B-Instruct,https://huggingface.co/Praveenrajus/jevify-qwen3-vl-2b-t2
Praveenrajus/jevify-qwen3.5-2b,original,0,0,2026-09-21,,text-classification,apache-2.0,Qwen/Qwen3.5-2B,https://huggingface.co/Praveenrajus/jevify-qwen3.5-2b
Praveenrajus/jevify-qwen3.5-2b-base-readout,original,0,0,2026-09-25,,,apache-2.0,Qwen/Qwen3.5-2B-Base,https://huggingface.co/Praveenrajus/jevify-qwen3.5-2b-base-readout
Praveenrajus/jevify-qwen3.5-2b-base-readout-coh,original,0,0,2026-09-25,,,apache-2.0,Qwen/Qwen3.5-2B-Base,https://huggingface.co/Praveenrajus/jevify-qwen3.5-2b-base-readout-coh
Praveenrajus/jevify-qwen3.5-2b-readout,original,0,0,2026-09-25,,,apache-2.0,Qwen/Qwen3.5-2B,https://huggingface.co/Praveenrajus/jevify-qwen3.5-2b-readout
Praveenrajus/jevify-qwen3.5-2b-readout-coh,original,0,0,2026-09-25,,,apache-2.0,Qwen/Qwen3.5-2B,https://huggingface.co/Praveenrajus/jevify-qwen3.5-2b-readout-coh
Praveenrajus/jevify-qwen3.5-4b,original,0,0,2026-09-21,,text-classification,apache-2.0,Qwen/Qwen3.5-4B,https://huggingface.co/Praveenrajus/jevify-qwen3.5-4b
Praveenrajus/jevify-qwen3.5-4b-base-readout,original,0,0,2026-09-25,,,apache-2.0,Qwen/Qwen3.5-4B-Base,https://huggingface.co/Praveenrajus/jevify-qwen3.5-4b-base-readout
Praveenrajus/jevify-qwen3.5-4b-base-readout-coh,original,0,0,2026-09-25,,,apache-2.0,Qwen/Qwen3.5-4B-Base,https://huggingface.co/Praveenrajus/jevify-qwen3.5-4b-base-readout-coh
Praveenrajus/jevify-qwen3.5-4b-readout,original,0,0,2026-09-25,,,apache-2.0,Qwen/Qwen3.5-4B,https://huggingface.co/Praveenrajus/jevify-qwen3.5-4b-readout
Praveenrajus/jevify-qwen3.5-4b-readout-coh,original,0,0,2026-09-25,,,apache-2.0,Qwen/Qwen3.5-4B,https://huggingface.co/Praveenrajus/jevify-qwen3.5-4b-readout-coh
Praveenrajus/jevify-qwen3.5-4b-t2,original,0,0,2026-09-22,,text-classification,apache-2.0,Qwen/Qwen3.5-4B,https://huggingface.co/Praveenrajus/jevify-qwen3.5-4b-t2
Praveenrajus/jevify-qwen3.5-4b-t2-lowlr,original,0,0,2026-09-22,,text-classification,apache-2.0,Qwen/Qwen3.5-4B,https://huggingface.co/Praveenrajus/jevify-qwen3.5-4b-t2-lowlr
Praveenrajus/jevify-qwen3.5-9b-readout,original,0,0,2026-09-25,,,apache-2.0,Qwen/Qwen3.5-9B,https://huggingface.co/Praveenrajus/jevify-qwen3.5-9b-readout
Praveenrajus/jevify-qwen3.5-9b-readout-coh,original,0,0,2026-09-25,,,apache-2.0,Qwen/Qwen3.5-9B,https://huggingface.co/Praveenrajus/jevify-qwen3.5-9b-readout-coh
Praveenrajus/jevify-smollm3-3b-apo-readout,original,0,0,2026-09-25,,,apache-2.0,HuggingFaceTB/SmolLM3-3B-checkpoints,https://huggingface.co/Praveenrajus/jevify-smollm3-3b-apo-readout
Praveenrajus/jevify-smollm3-3b-apo-readout-coh,original,0,0,2026-09-25,,,apache-2.0,HuggingFaceTB/SmolLM3-3B-checkpoints,https://huggingface.co/Praveenrajus/jevify-smollm3-3b-apo-readout-coh
Praveenrajus/jevify-smollm3-3b-sft-readout,original,0,0,2026-09-25,,,apache-2.0,HuggingFaceTB/SmolLM3-3B-checkpoints,https://huggingface.co/Praveenrajus/jevify-smollm3-3b-sft-readout
Praveenrajus/jevify-smollm3-3b-sft-readout-coh,original,0,0,2026-09-25,,,apache-2.0,HuggingFaceTB/SmolLM3-3B-checkpoints,https://huggingface.co/Praveenrajus/jevify-smollm3-3b-sft-readout-coh
Prompt48/my-jev-4b-lora,original,0,0,2026-09-27,,,apache-2.0,unsloth/Qwen3.5-4B,https://huggingface.co/Prompt48/my-jev-4b-lora
Quantum08/laya-browser-mind2web,original,1,0,2026-09-23,0.42,,apache-2.0,convaiinnovations/laya,https://huggingface.co/Quantum08/laya-browser-mind2web
Quazim0t0/Byrne-Jev-79M,original,1,0,2026-09-24,,,apache-2.0,,https://huggingface.co/Quazim0t0/Byrne-Jev-79M
Quazim0t0/On-Fly-Jev,original,2,0,2026-09-27,,text-classification,apache-2.0,,https://huggingface.co/Quazim0t0/On-Fly-Jev
RagedLSDD/laya-typed-decisions-finetuned,original,0,0,2026-09-27,0.42,,apache-2.0,,https://huggingface.co/RagedLSDD/laya-typed-decisions-finetuned
RoeiG/laya-hebrew,original,3,0,2026-09-25,0.38,zero-shot-classification,cc-by-nc-sa-4.0,dicta-il/neodictabert-bilingual,https://huggingface.co/RoeiG/laya-hebrew
Rydward98/Jev-Omni,original,0,0,2026-09-24,,text-classification,apache-2.0,google/gemma-4-12B-it,https://huggingface.co/Rydward98/Jev-Omni
SGK86/laya-multilingual-typed-decisions,original,0,0,2026-09-22,0.32,,apache-2.0,,https://huggingface.co/SGK86/laya-multilingual-typed-decisions
SargeDev/jev-distill-corpus,original,0,0,2026-09-18,,,apache-2.0,,https://huggingface.co/SargeDev/jev-distill-corpus
SargeDev/jev-gate-student-b,original,0,0,2026-09-21,,,apache-2.0,,https://huggingface.co/SargeDev/jev-gate-student-b
SeanLiu/Jev-Vision,original,0,0,2026-09-21,,,apache-2.0,Qwen/Qwen3-VL-8B-Instruct,https://huggingface.co/SeanLiu/Jev-Vision
Stonehavenstudio/openjev,original,0,0,2026-09-28,27.36,zero-shot-classification,cc-by-nc-4.0,,https://huggingface.co/Stonehavenstudio/openjev
VynoDePal/laya-mini-cpu-research,original,1,0,2026-09-26,,text-classification,other,google/bert_uncased_L-6_H-512_A-8,https://huggingface.co/VynoDePal/laya-mini-cpu-research
WIlfLin/JEV-Qwen3.8-Flash-Next-Linear-Runtime,original,0,0,2026-09-22,,visual-question-answering,other,primitive-ai/Qwen3.8-Flash-Next-mixed-NVFP4-FP8,https://huggingface.co/WIlfLin/JEV-Qwen3.8-Flash-Next-Linear-Runtime
ZefanCai/Open-Jev-27B-v1.1,original,10,0,2026-09-22,,,apache-2.0,Qwen/Qwen3.8-27B,https://huggingface.co/ZefanCai/Open-Jev-27B-v1.1
ZefanCai/Open-Jev-2B,original,10,0,2026-09-20,,,apache-2.0,Qwen/Qwen3.5-2B,https://huggingface.co/ZefanCai/Open-Jev-2B
ZefanCai/Open-Jev-9B,original,45,0,2026-09-20,,,apache-2.0,Qwen/Qwen3.5-9B,https://huggingface.co/ZefanCai/Open-Jev-9B
adambloebaum/laya-blackjack,original,3,0,2026-09-24,0.42,,apache-2.0,convaiinnovations/laya,https://huggingface.co/adambloebaum/laya-blackjack
agk4444/laya-typed-decisions,original,0,0,2026-09-21,0.42,,apache-2.0,,https://huggingface.co/agk4444/laya-typed-decisions
ait-hf/certus-jev-like-v0007,original,1,0,2026-09-22,,text-classification,apache-2.0,Qwen/Qwen2.5-1.5B-Instruct,https://huggingface.co/ait-hf/certus-jev-like-v0007
akshatbindal/laya-typed-decisions,original,1,0,2026-09-22,0.42,,apache-2.0,,https://huggingface.co/akshatbindal/laya-typed-decisions
alfred361/laya-multilingual-typed-decisions,original,4,0,2026-09-21,0.32,text-classification,apache-2.0,convaiinnovations/laya-multilingual,https://huggingface.co/alfred361/laya-multilingual-typed-decisions
altslate/certo-decision-model,original,1,0,2026-09-20,,text-classification,mit,,https://huggingface.co/altslate/certo-decision-model
atmaneayoub/jev-ar,original,5,0,2026-09-24,0.32,zero-shot-classification,cc-by-nc-4.0,convaiinnovations/laya,https://huggingface.co/atmaneayoub/jev-ar
aungthuhein-dev/laya-burmese-sib200,original,2,0,2026-09-21,0.32,text-classification,apache-2.0,convaiinnovations/laya,https://huggingface.co/aungthuhein-dev/laya-burmese-sib200
azharmo/build-jev-from-scratch,original,1,0,2026-09-20,,text-classification,mit,,https://huggingface.co/azharmo/build-jev-from-scratch
botp/Qwen-2.5-1B-RLCD,original,2,0,2026-09-18,,text-generation,apache-2.0,Qwen/Qwen2.5-1.5B-Instruct,https://huggingface.co/botp/Qwen-2.5-1B-RLCD
bytesbrains/naderu-laya-150m,original,1,0,2026-09-28,0.15,text-classification,apache-2.0,answerdotai/ModernBERT-base,https://huggingface.co/bytesbrains/naderu-laya-150m
canbingol/laya-typed-decisions-turkish-mmlu-10k,original,0,0,2026-09-24,0.42,,apache-2.0,,https://huggingface.co/canbingol/laya-typed-decisions-turkish-mmlu-10k
canbingol/magibuembed-typed-decisions-turkish-mmlu-10k,original,0,0,2026-09-24,0.22,,,,https://huggingface.co/canbingol/magibuembed-typed-decisions-turkish-mmlu-10k
changh95/openjev-p300x2,original,4,0,2026-09-19,,text-classification,mit,AlexWortega/openjev,https://huggingface.co/changh95/openjev-p300x2
chaoliangUNSW/MacJev-322M-4K-Laya,original,4,0,2026-09-22,0.32,text-classification,apache-2.0,convaiinnovations/laya,https://huggingface.co/chaoliangUNSW/MacJev-322M-4K-Laya
cklxx/laya-browser,original,21,0,2026-09-21,,,apache-2.0,convaiinnovations/laya,https://huggingface.co/cklxx/laya-browser
convaiinnovations/laya,original,4219,0,2026-09-18,0.42,text-classification,apache-2.0,,https://huggingface.co/convaiinnovations/laya
convaiinnovations/laya-multilingual,original,313,0,2026-09-19,0.32,text-classification,apache-2.0,,https://huggingface.co/convaiinnovations/laya-multilingual
convaiinnovations/laya-typed-decisions,original,125,0,2026-09-18,0.42,text-classification,apache-2.0,,https://huggingface.co/convaiinnovations/laya-typed-decisions
dimitrisdais/laya-banking77-typed-decisions,original,0,0,2026-09-25,0.42,text-classification,apache-2.0,convaiinnovations/laya,https://huggingface.co/dimitrisdais/laya-banking77-typed-decisions
divyanshx11/JEVision,original,1,0,2026-09-24,,,apache-2.0,Qwen/Qwen3.5-0.8B-Base;jaredpalmer/kev-0.8b,https://huggingface.co/divyanshx11/JEVision
epsilon3/Qwen-2.5-1B-RLCD-Fast,original,0,0,2026-09-16,,text-generation,apache-2.0,Qwen/Qwen2.5-1.5B-Instruct,https://huggingface.co/epsilon3/Qwen-2.5-1B-RLCD-Fast
faall7479/laya-idjvsuen-v1,original,1,0,2026-09-25,0.32,text-classification,cc-by-sa-4.0,convaiinnovations/laya-multilingual,https://huggingface.co/faall7479/laya-idjvsuen-v1
fancc28/Medical-OpenJev,original,0,0,2026-09-22,,,,,https://huggingface.co/fancc28/Medical-OpenJev
flaukowski/laya-kannaka-evidence-gate,original,2,0,2026-09-22,0.42,,apache-2.0,convaiinnovations/laya,https://huggingface.co/flaukowski/laya-kannaka-evidence-gate
flaukowski/laya-kannaka-supersession,original,1,0,2026-09-23,0.42,,apache-2.0,convaiinnovations/laya,https://huggingface.co/flaukowski/laya-kannaka-supersession
gionebeats/Open-Jev-2B,original,0,0,2026-09-22,,,apache-2.0,Qwen/Qwen3.5-2B,https://huggingface.co/gionebeats/Open-Jev-2B
goku-san/laya-experts,original,3,0,2026-09-25,,text-classification,apache-2.0,convaiinnovations/laya,https://huggingface.co/goku-san/laya-experts
gopalanj/jevons-lfm25-1.2b-systemone,original,0,0,2026-09-20,,text-generation,other,LiquidAI/LFM2.5-1.2B-Instruct,https://huggingface.co/gopalanj/jevons-lfm25-1.2b-systemone
goutam/LFM2.5-1.2B-RLCD,original,0,0,2026-09-28,1.17,text-classification,other,LiquidAI/LFM2.5-1.2B-Base,https://huggingface.co/goutam/LFM2.5-1.2B-RLCD
guoan1/jev-qwen35-08b,original,1,0,2026-09-24,,,apache-2.0,Qwen/Qwen3.5-0.8B-Base,https://huggingface.co/guoan1/jev-qwen35-08b
guzus/jev-nyotti-action,original,0,0,2026-09-23,,,apache-2.0,,https://huggingface.co/guzus/jev-nyotti-action
harikarthikmanyam/laya-issue-triage,original,2,0,2026-09-22,0.42,text-classification,apache-2.0,convaiinnovations/laya,https://huggingface.co/harikarthikmanyam/laya-issue-triage
harshatheg/Qwen-2.5-1B-RLCD,original,574,0,2026-09-16,,text-generation,apache-2.0,Qwen/Qwen2.5-1.5B-Instruct,https://huggingface.co/harshatheg/Qwen-2.5-1B-RLCD
huanggengwei/laya-typed-decisions,original,0,0,2026-09-23,0.42,,apache-2.0,,https://huggingface.co/huanggengwei/laya-typed-decisions
hxrikp/laya-session-guard-pilot,original,1,0,2026-09-22,0.42,text-classification,apache-2.0,convaiinnovations/laya,https://huggingface.co/hxrikp/laya-session-guard-pilot
ichenney/laya-browser-v32b,original,1,0,2026-09-25,,text-classification,apache-2.0,cklxx/laya-browser,https://huggingface.co/ichenney/laya-browser-v32b
jaluus/jevpertus-8B-Instruct-2509,original,0,0,2026-09-26,,multiple-choice,,swiss-ai/Apertus-8B-Instruct-2509,https://huggingface.co/jaluus/jevpertus-8B-Instruct-2509
jaluus/jevpertus-v1.5-8B,original,0,0,2026-09-26,,multiple-choice,,swiss-ai/Apertus-v1.5-8B,https://huggingface.co/jaluus/jevpertus-v1.5-8B
jaswanthsanjay88/rev-decision-model,original,1,0,2026-09-22,0.42,zero-shot-classification,apache-2.0,,https://huggingface.co/jaswanthsanjay88/rev-decision-model
joyfox/Qwen3.5-0.8B-JEV,original,0,0,2026-09-24,,,apache-2.0,Qwen/Qwen3.5-0.8B,https://huggingface.co/joyfox/Qwen3.5-0.8B-JEV
junetask/Open-Jev-9B,original,0,0,2026-09-23,,,apache-2.0,Qwen/Qwen3.5-9B,https://huggingface.co/junetask/Open-Jev-9B
keysleo43/Qwen-2.5-1B-RLCD,original,0,0,2026-09-26,,text-generation,apache-2.0,Qwen/Qwen2.5-1.5B-Instruct,https://huggingface.co/keysleo43/Qwen-2.5-1B-RLCD
lafalce/system-one-model,original,0,0,2026-09-19,,text-classification,apache-2.0,answerdotai/ModernBERT-base,https://huggingface.co/lafalce/system-one-model
ldov/openjevv,original,0,0,2026-09-21,,text-classification,mit,Qwen/Qwen3.5-4B,https://huggingface.co/ldov/openjevv
leafiy/mia-decider-2b,original,0,0,2026-09-27,,text-classification,apache-2.0,Mapika/decider-2b,https://huggingface.co/leafiy/mia-decider-2b
ledio/laya-typed-decisions,original,0,0,2026-09-26,0.42,,apache-2.0,,https://huggingface.co/ledio/laya-typed-decisions
leehack/laya-command-head,original,1,0,2026-09-25,,,apache-2.0,convaiinnovations/laya,https://huggingface.co/leehack/laya-command-head
lewislululu/jevon,original,6,0,2026-09-19,,reinforcement-learning,agpl-3.0,,https://huggingface.co/lewislululu/jevon
liskasYR/laya-typed-decisions,original,0,0,2026-09-22,0.42,text-classification,apache-2.0,,https://huggingface.co/liskasYR/laya-typed-decisions
marcmagn1/jev-08b-typed-r1,original,0,0,2026-09-21,,,,,https://huggingface.co/marcmagn1/jev-08b-typed-r1
mazenDDr/laya-crisis-triage,original,1,0,2026-09-23,0.32,text-classification,cc-by-nc-sa-4.0,convaiinnovations/laya,https://huggingface.co/mazenDDr/laya-crisis-triage
mchen04/jev-local-lab-decision-heads,original,0,0,2026-09-21,,text-classification,other,mlx-community/Qwen2.5-1.5B-Instruct-4bit,https://huggingface.co/mchen04/jev-local-lab-decision-heads
mchen04/jevlite-decision-heads,original,0,0,2026-09-21,,text-classification,other,mlx-community/Qwen2.5-1.5B-Instruct-4bit;mlx-community/Qwen2.5-0.5B-Instruct-4bit,https://huggingface.co/mchen04/jevlite-decision-heads
minhleduc/rlcd-e2-checkpoints,original,0,0,2026-09-25,,,,,https://huggingface.co/minhleduc/rlcd-e2-checkpoints
mpuig/system-one-qwen3-0.6b,original,0,0,2026-09-22,,,mit,Qwen/Qwen3-0.6B,https://huggingface.co/mpuig/system-one-qwen3-0.6b
mvbalaji/od1-nano-v2-typed-decisions,original,1,0,2026-09-27,,text-classification,apache-2.0,Qwen/Qwen3.5-0.8B,https://huggingface.co/mvbalaji/od1-nano-v2-typed-decisions
mvbalaji/od1-typed-decisions,original,1,0,2026-09-26,,text-classification,apache-2.0,Qwen/Qwen3.5-4B,https://huggingface.co/mvbalaji/od1-typed-decisions
nampham1106/laya-flash,original,1,0,2026-09-22,0.26,,other,LiquidAI/LFM2.5-Encoder-230M,https://huggingface.co/nampham1106/laya-flash
ngila-ai/openjev,original,0,0,2026-09-22,,,apache-2.0,,https://huggingface.co/ngila-ai/openjev
nishanth-kj/laya,original,1,0,2026-09-26,0.42,text-classification,apache-2.0,,https://huggingface.co/nishanth-kj/laya
nouton/jev-ru-4b-lora-v2,original,0,0,2026-09-25,,,cc-by-nc-4.0,Qwen/Qwen3.5-4B,https://huggingface.co/nouton/jev-ru-4b-lora-v2
olafura/gemma4-12b-system-one,original,0,0,2026-09-22,,text-generation,apache-2.0,google/gemma-4-12B-it-qat-w4a16-ct,https://huggingface.co/olafura/gemma4-12b-system-one
pngwn/nanodiff-350m-typed-decisions,original,1,0,2026-09-16,,,mit,,https://huggingface.co/pngwn/nanodiff-350m-typed-decisions
pngwn/nanodiff-350m-typed-decisions-lam0,original,0,0,2026-09-16,,,mit,Sebasdi/nanodiff-350m-base,https://huggingface.co/pngwn/nanodiff-350m-typed-decisions-lam0
pngwn/nanodiff-350m-typed-decisions-lam1,original,0,0,2026-09-16,,,mit,Sebasdi/nanodiff-350m-base,https://huggingface.co/pngwn/nanodiff-350m-typed-decisions-lam1
pngwn/nanodiff-350m-typed-decisions-v2,original,0,0,2026-09-16,,,,,https://huggingface.co/pngwn/nanodiff-350m-typed-decisions-v2
pngwn/nanodiff-350m-typed-decisions-v2-lam1,original,0,0,2026-09-16,,,,,https://huggingface.co/pngwn/nanodiff-350m-typed-decisions-v2-lam1
pngwn/system-one-qwen3.5-4b-scorer-v2-2ep,original,0,0,2026-09-17,,,,,https://huggingface.co/pngwn/system-one-qwen3.5-4b-scorer-v2-2ep
pngwn/typed-decisions-causal-0.6b-scorer,original,0,0,2026-09-16,,,,,https://huggingface.co/pngwn/typed-decisions-causal-0.6b-scorer
rayss868123/laya-typed-decisions,original,0,0,2026-09-23,0.42,text-classification,apache-2.0,,https://huggingface.co/rayss868123/laya-typed-decisions
rdxtremity/jev-reranking,original,0,0,2026-09-20,,,apache-2.0,,https://huggingface.co/rdxtremity/jev-reranking
rongxinzy/LightJev-0.6B-typed-decisions,original,0,0,2026-09-28,0.6,text-classification,apache-2.0,Qwen/Qwen3-0.6B,https://huggingface.co/rongxinzy/LightJev-0.6B-typed-decisions
ruvnet/ruvector-typesafe-banking77,original,0,0,2026-09-22,,text-classification,cc-by-4.0,,https://huggingface.co/ruvnet/ruvector-typesafe-banking77
ruvnet/ruvector-typesafe-hwu64,original,0,0,2026-09-22,,text-classification,cc-by-4.0,,https://huggingface.co/ruvnet/ruvector-typesafe-hwu64
s1lv3rj1nx/openjev-general-lora-bigmenu,original,0,0,2026-09-22,,text-classification,apache-2.0,Qwen/Qwen3-1.7B,https://huggingface.co/s1lv3rj1nx/openjev-general-lora-bigmenu
s1lv3rj1nx/openjev-router-healthcare,original,0,0,2026-09-21,,text-classification,apache-2.0,answerdotai/ModernBERT-base,https://huggingface.co/s1lv3rj1nx/openjev-router-healthcare
s1lv3rj1nx/openjev-router-lora,original,0,0,2026-09-21,,text-classification,apache-2.0,Qwen/Qwen3-1.7B,https://huggingface.co/s1lv3rj1nx/openjev-router-lora
saivamshiatukuri/decision-model-checkpoints,original,0,0,2026-09-19,,,,,https://huggingface.co/saivamshiatukuri/decision-model-checkpoints
shanaka95/laya-fintiment,original,1,0,2026-09-27,0.42,text-classification,apache-2.0,convaiinnovations/laya,https://huggingface.co/shanaka95/laya-fintiment
shgao/rsi-jev-v1.0-qwen3.5-0.8b,original,0,0,2026-09-24,,text-classification,apache-2.0,Qwen/Qwen3.5-0.8B-Base,https://huggingface.co/shgao/rsi-jev-v1.0-qwen3.5-0.8b
shgao/rsi-jev-v1.0-qwen3.5-2b,original,0,0,2026-09-24,,text-classification,apache-2.0,Qwen/Qwen3.5-2B-Base,https://huggingface.co/shgao/rsi-jev-v1.0-qwen3.5-2b
shgao/rsi-jev-v2.0-qwen3.5-2b,original,1,0,2026-09-26,,text-classification,apache-2.0,Qwen/Qwen3.5-2B-Base,https://huggingface.co/shgao/rsi-jev-v2.0-qwen3.5-2b
shgao/rsi-jev-v2.1-qwen3.5-2b,original,0,0,2026-09-27,,text-classification,apache-2.0,Qwen/Qwen3.5-2B-Base,https://huggingface.co/shgao/rsi-jev-v2.1-qwen3.5-2b
shreyanbr/nev-lite-systemone,original,0,0,2026-09-22,,text-classification,apache-2.0,sentence-transformers/all-MiniLM-L6-v2,https://huggingface.co/shreyanbr/nev-lite-systemone
shreyansh26/Qwen-2.5-1B-RLCD,original,4,0,2026-09-16,,text-generation,apache-2.0,Qwen/Qwen2.5-1.5B-Instruct,https://huggingface.co/shreyansh26/Qwen-2.5-1B-RLCD
sothiem/laya-kvp10k-noul,original,0,0,2026-09-24,0.42,text-classification,apache-2.0,convaiinnovations/laya,https://huggingface.co/sothiem/laya-kvp10k-noul
sr5434/universal_classifier_nouls,original,0,0,2026-09-26,,,gemma,google/embeddinggemma-300m,https://huggingface.co/sr5434/universal_classifier_nouls
sshalimov04/open-jev-base,original,0,0,2026-09-22,,text-classification,mit,jhu-clsp/mmBERT-small,https://huggingface.co/sshalimov04/open-jev-base
sxtylws/laya-multilingual,original,1,0,2026-09-27,0.32,text-classification,apache-2.0,,https://huggingface.co/sxtylws/laya-multilingual
tasksource/tasksource-jev-nano-v0,original,2,0,2026-09-28,0.15,text-classification,apache-2.0,lightonai/LateOn,https://huggingface.co/tasksource/tasksource-jev-nano-v0
team-od/laya-thai,original,1,0,2026-09-27,0.32,,cc-by-nc-4.0,convaiinnovations/laya,https://huggingface.co/team-od/laya-thai
telepatia-ai/laya-pt-es-typed,original,3,0,2026-09-22,0.32,text-classification,apache-2.0,convaiinnovations/laya-multilingual,https://huggingface.co/telepatia-ai/laya-pt-es-typed
thaitea/laya-vision,original,32,0,2026-09-19,0.2,visual-question-answering,cc-by-nc-sa-4.0,HuggingFaceTB/SmolVLM-256M-Instruct,https://huggingface.co/thaitea/laya-vision
thaitea/laya-vision-201m,original,1,0,2026-09-24,0.2,visual-question-answering,cc-by-nc-sa-4.0,HuggingFaceTB/SmolVLM-256M-Instruct,https://huggingface.co/thaitea/laya-vision-201m
thaitea/laya-vision-modernvbert-250m,original,3,0,2026-09-21,0.27,visual-question-answering,cc-by-nc-sa-4.0,ModernVBERT/modernvbert,https://huggingface.co/thaitea/laya-vision-modernvbert-250m
thaitea/laya-vision-smolvlm-256m-score,original,1,0,2026-09-22,0.24,visual-question-answering,cc-by-nc-sa-4.0,HuggingFaceTB/SmolVLM-256M-Instruct,https://huggingface.co/thaitea/laya-vision-smolvlm-256m-score
thealper2/laya-multilingual-turkish-noul,original,0,0,2026-09-27,0.32,text-classification,cc-by-sa-4.0,convaiinnovations/laya-multilingual,https://huggingface.co/thealper2/laya-multilingual-turkish-noul
tindang/laya-code,original,2,0,2026-09-23,0.42,text-classification,apache-2.0,convaiinnovations/laya,https://huggingface.co/tindang/laya-code
vigneshlabs/ballot-jev-0.5b,original,0,0,2026-09-22,,zero-shot-classification,apache-2.0,Qwen/Qwen2.5-0.5B,https://huggingface.co/vigneshlabs/ballot-jev-0.5b
wendellperbar/serigy-jev,original,3,0,2026-09-24,,text-classification,mit,AIInstituteLNCC/manaca-1b-base,https://huggingface.co/wendellperbar/serigy-jev
winwinwinbb/soft-decider-421m,original,0,0,2026-09-24,0.42,text-classification,apache-2.0,convaiinnovations/laya;answerdotai/ModernBERT-large,https://huggingface.co/winwinwinbb/soft-decider-421m
wwydmanski/bielik-minitron-jev-v0.1,original,0,0,2026-09-23,,text-classification,apache-2.0,speakleash/Bielik-Minitron-7B-v3.0-Instruct,https://huggingface.co/wwydmanski/bielik-minitron-jev-v0.1
wwydmanski/bielik-minitron-jev-v0.2,original,0,0,2026-09-23,,text-classification,apache-2.0,speakleash/Bielik-Minitron-7B-v3.0-Instruct,https://huggingface.co/wwydmanski/bielik-minitron-jev-v0.2
wwydmanski/bielik-minitron-jev-v0.3,original,0,0,2026-09-24,,text-classification,apache-2.0,speakleash/Bielik-Minitron-7B-v3.0-Instruct,https://huggingface.co/wwydmanski/bielik-minitron-jev-v0.3
wxsys/code-oracle-laya-421m,original,1,0,2026-09-25,0.42,text-classification,apache-2.0,convaiinnovations/laya,https://huggingface.co/wxsys/code-oracle-laya-421m
xiq/xiq-vl-jev,original,0,0,2026-09-21,,,,,https://huggingface.co/xiq/xiq-vl-jev
xuhaodev/Qwen3-1.7B-Jev,original,0,0,2026-09-23,,text-classification,apache-2.0,Qwen/Qwen3-1.7B,https://huggingface.co/xuhaodev/Qwen3-1.7B-Jev
zwh20081/hoi4-jevai,original,0,0,2026-09-25,,,apache-2.0,com-kotobalabs/open-jev-deberta-v3-large,https://huggingface.co/zwh20081/hoi4-jevai
